"gene","mean_kidney_meth","mean_liver_meth","n_dmrs","kidney_cpm","liver_cpm"
"1110059E24Rik",0.521376016484026,0.393163527456331,9,1045.20902280399,381.102173590944
"1500015A07Rik",0.00609511074379,0.00399081060265271,1,189.665693210063,87.8812192921818
"1700001K23Rik",0.673972995461285,0.545514455126545,4,0.992826339389024,2.63890312362548
"1700018L02Rik",0.00672402127303727,0.00543421280705746,1,14.4340955058515,8.5108206581016
"1700028P14Rik",0.140675897136215,0.179932307879658,3,2.57993326505932,0
"1700039E22Rik",0.0655684254257672,0.0948987900113117,1,5.63649551027162,0
"1700066B19Rik",0.0724866447985026,0.0156508601648414,1,5.77403740520468,3.86900366451531
"1700086O06Rik",0.20008651616311,0.0446191197234569,9,168.930213481524,189.427865053232
"1700092M07Rik",0.0995980140913501,0.126949182979367,1,4.22131489095453,1.84051967747257
"1700105P06Rik",0.220161317113031,0.332150472630326,2,6.50011968382062,1.34567807641284
"1700120E14Rik",0.53455978316427,0.57153270751557,4,10.3022727939437,0.923860245148715
"1810009A15Rik",0.00792972271344846,0.00535222089099793,2,1169.29230080762,1088.98311976409
"1810055G02Rik",0.0752940418608571,0.0693743571069946,3,699.987312113347,458.680609143597
"2010003K11Rik",0.260531597498121,0.314384466524325,3,0.862327968180266,2.46360413712673
"2010010A06Rik",0.492907327616463,0.272524838761457,4,1.11737029678024,0.515937618697341
"2310034G01Rik",0.0153564118647497,0.0256210716519567,1,35.2482335380159,8.57626958945809
"2610016A17Rik",0.165899912477861,0.296985591493862,4,1.7646293779177,1.7660113711998
"2700046A07Rik",0.52565294980085,0.553978401430624,5,13.0013468090701,1.02645772553837
"2700046G09Rik",0.00828349025311922,0.0110290991651641,1,62.0494334771652,17.4525680043113
"2700062C07Rik",0.3054234956753,0.113842952816295,3,441.570261234157,305.231306295351
"2700081O15Rik",0.304165948397523,0.357378496840969,3,413.436466187992,87.8385900563262
"2700089I24Rik",0.421068985612474,0.55243712047297,11,3.18909887953811,0
"4430402I18Rik",0.431582673656042,0.422511782933462,3,23.034302816015,17.3106810517685
"4833419F23Rik",0.214954497706519,0.226642010523348,3,3.45843535104866,3.35670025670574
"4930426D05Rik",0.198967793696932,0.281085204116564,5,80.9787666721648,0
"4930445N18Rik",0.330732507802053,0.367048101726829,9,1.04598856974299,0.28422912842411
"4930465K10Rik",0.0740761684810077,0.109941185843086,3,1.43167963522235,0.729016775459501
"4930481A15Rik",0.4481398442041,0.418738794776679,4,55.622736724626,58.0186153863755
"4930503L19Rik",0.365132900118366,0.463929740545539,7,619.852066204,510.449349697535
"4930549G23Rik",0.00305624775502874,0.00402792323430747,1,30.0324998672744,15.9163742886805
"4930552P12Rik",0.489914869373488,0.388454917001432,7,1.86036875095357,0.618535099086993
"4930563E18Rik",0.00825827122746327,0.0125902391110568,1,0.239608181224164,0.550037190663429
"4931403E22Rik",0.321665374071564,0.407226846174641,4,22.3182705432981,0
"4931408D14Rik",0.369589957055803,0.395937549689531,4,0.81492930038888,260.320943652904
"4933424G05Rik",0.362698606415635,0.431424835046356,4,4.33471752573822,0.12280184754299
"5730408K05Rik",0.00792972271344846,0.00535222089099793,1,91.9610914785814,63.2247651495415
"6720468P15Rik",0.524152947221688,0.5858903131335,7,98.0600036232312,1.53185908501446
"8030462N17Rik",0.617098223411822,0.558019054586822,9,623.851168400949,727.303540177721
"9030625G05Rik",0.429446650688088,0.561782906943942,1,13.6909829785622,1.19844476483585
"9830166K06Rik",0.0144367985535202,0.0162065409715647,1,0.159677542316848,9.86165876895629
"9930021J03Rik",0.00408636919871924,0.00550728323235051,1,626.042587163555,226.596823423332
"A1cf",0.724995982796369,0.583730335605874,3,64.6430303210546,538.385148604269
"A330032B11Rik",0.0865013104251288,0.07588683862295,2,0.850993707002726,5.61575326679991
"A330040F15Rik",0.0825577442750213,0.0721876036706824,2,43.9200150797862,15.9969564167826
"A430093F15Rik",0.362070623296395,0.332645021398466,2,1.84382004639175,0
"A830052D11Rik",0.166742531585956,0.25035400287097,2,9.80500852611057,18.3114790345441
"A930001C03Rik",0.172118510996687,0.155066437791449,6,10.4128641968548,9.07149124284581
"A930007I19Rik",0.334773689544033,0.136241915993339,4,5.65619494782143,2.93723511320792
"A930012L18Rik",0.00373422749524122,0.0132401809729404,1,3.86009018215019,0.12648590296928
"AA387883",0.72333653969655,0.667164951024699,5,3.67202220990991,0
"Abcc2",0.769532706031092,0.484456790782975,2,87.4701353040879,734.35567121143
"Abhd17b",0.161440585799646,0.35555356264713,2,775.491761301436,301.169831025576
"Abhd3",0.462841565240589,0.399967638591781,4,72.8563246076045,302.779696550836
"Ablim1",0.480444732042102,0.398760293115145,58,1467.63069873667,486.248313183095
"Ablim3",0.444873697430939,0.413458110828408,8,84.9484472545752,23.0030592950884
"Acaa2",0.281100428460908,0.331660608960814,6,3193.31036672374,9675.05132975767
"Acsl5",0.532753977005099,0.363156081290381,7,1357.96844617255,5254.46426119838
"Acta2",0.480657380791365,0.46709488444208,2,4228.86558412914,600.551885146958
"Actn3",0.1085476155536,0.0814974565450633,2,299.227285208275,26.6658409439351
"Actr1a",0.00553642224867771,0.00429337983360473,1,3268.55491095821,2663.72408145802
"Acy3",0.193934750169789,0.279425862437883,4,336.986241117237,231.964180091707
"Adamts19",0.318727478487037,0.432375487585443,3,89.4958066332369,5.48689007365386
"Add3",0.513936212795707,0.337378239075017,42,2818.42061851869,2030.23394005725
"Adnp2",0.445274343954199,0.442354096141685,4,784.558060903611,321.467179831102
"Adra2a",0.488067136977756,0.478332581124466,14,45.8536709799548,3.83314429077579
"Adrb1",0.432800617008111,0.467014350369049,6,5.52456778791232,17.5368384152966
"Adrb2",0.484180028599325,0.209835859720929,13,42.039690913955,1862.43730438378
"Afap1l1",0.440662250190228,0.341603739792382,8,921.747399887803,278.146010755969
"Afap1l2",0.392380962257735,0.389748111479517,33,493.06170220259,53.9006764620956
"Afg3l2",0.443446692345563,0.144821582683859,2,1442.47967419883,2654.31268857971
"Ahnak",0.390593573717602,0.246972693156002,27,1375.21947891151,318.225576115732
"AI837181",0.0383657044842077,0.0242731769554948,4,753.272182578683,447.965986865058
"Aip",0.126617403973319,0.105896754793246,5,1267.65644645828,845.691180913841
"Ak3",0.00672402127303727,0.00543421280705746,1,2282.86514505022,2401.4232535602
"Aldh18a1",0.563332667346477,0.382099021354669,16,1676.8766633658,1973.74246521265
"Aldh1a1",0.551644490934597,0.514797993991107,2,81.1141120999429,34.5275198618063
"Aldh1a7",0.569532475968307,0.600724231468445,2,92.4592767631187,43.7605190321213
"Aldh3b1",0.529573604117663,0.491092268912505,3,62.1621508215622,264.839797113603
"Aldh3b2",0.367591358951545,0.428416453662414,2,35.6720155393434,17.1496019258349
"Aldh7a1",0.164118625787371,0.308168228270162,5,1963.68840673245,2153.99109014396
"Alpk2",0.276005194451364,0.283563581156703,5,5.1466522940426,3.25284475238974
"Ammecr1l",0.481368809000836,0.388954214788193,4,1889.52398607024,805.560265813593
"Ankhd1",0.00351615890902617,0.00468405368244553,1,1658.19029502793,1188.27230095746
"Ankrd1",0.167801011997193,0.288852756401972,4,7.02765130423421,5.00672072055023
"Ankrd13d",0.0101320003219793,0.0213388531388329,1,140.555666577319,25.9993316786297
"Ankrd2",0.438730446191037,0.440917942374323,2,1.5279902814988,2.50124681183479
"Ankrd22",0.60984723949013,0.494838725300698,3,1.13539894220858,10.9855717283243
"Ankrd29",0.340095121369731,0.143996328002485,4,105.783472171262,20.0843614232577
"Anxa1",0.342892002421111,0.19901313787749,3,555.844853702965,1855.36633990492
"Ap3s1",0.110130604028892,0.153640528679476,4,1219.44944627429,1064.11547474853
"Ap5b1",0.0186802302476632,0.011789853586668,1,264.037647387149,152.419679865462
"Apba1",0.32686631923934,0.414185593225451,13,54.4270973779876,7.51626571118086
"Apbb3",0.442315938564187,0.425737827383431,2,252.243566973362,155.523168905725
"Apc",0.241767964515633,0.179220608558321,4,1367.48742687558,342.349824828721
"Apcdd1",0.37682898193248,0.456185127296625,5,240.912019171718,2.03125004664136
"Aqp4",0.363437564410358,0.260399616875939,76,147.559128804525,20.077944237425
"Arap3",0.196633290643183,0.244096641298851,11,785.968287523242,367.179035706821
"Arhgap12",0.552987167583897,0.35045122134578,26,893.509827786113,435.216392131864
"Arhgap19",0.5750004530341,0.490383699455902,18,1499.05593419273,2726.22394970776
"Arhgap26",0.552664977243313,0.462966427579098,25,666.880073839086,195.759340736176
"Arhgef37",0.180742505904477,0.211662984023974,6,16.2300170088183,8.64191033013724
"Arl2",0.379732005458797,0.201783424520869,2,979.063788398548,489.186916723427
"Arl3",0.297750230535024,0.24124294731764,9,1167.1305773436,281.747287937117
"Armh3",0.164473434892637,0.373269922684851,2,444.466648221146,207.842947167639
"Arsi",0.31769165122896,0.409083023342512,4,68.6470606694981,5.38024501054412
"As3mt",0.339584211838611,0.164057685227999,2,701.034223880863,515.262488317336
"Asah2",0.251660419019082,0.156229985085452,2,60.9155703988237,25.4150548686052
"Asrgl1",0.301503446446877,0.227001456067637,3,449.75762949497,353.189786172727
"Asxl3",0.489289511723623,0.485831592713479,13,374.75017340377,11.563012158107
"Atad1",0.0487830018739354,0.229954693634544,2,2198.89654904913,1104.50326879771
"Atg12",0.363988917385759,0.346253016665164,2,1203.31105032418,998.453261133637
"Atg2a",0.534931893561349,0.460029099657647,3,673.642899191018,566.755990383632
"Atl3",0.232835252553121,0.245219906521166,4,534.252746916321,506.688158497917
"Atp5a1",0.462812590920371,0.105619855694697,2,25337.806159581,24417.7140848842
"Atp5md",0.00456910743578883,0.00272447037052118,1,4077.72679703892,4135.6711827049
"Atp8b1",0.5828546328672,0.366169425644003,17,181.569366251762,180.293346621538
"Atp9b",0.446841259770062,0.507939456032193,28,1214.79596553576,630.80138110043
"Atrnl1",0.580674594888713,0.532607391234425,31,651.728010327575,73.3799289984069
"Avpi1",0.00531314460735445,0.0060277457750368,1,225.922104204204,425.281010296785
"AW112010",0.353646508317381,0.186474770631477,2,1.84456001682501,64.0369646217667
"AW554918",0.485073166902289,0.501673001186381,7,380.027045632607,147.681676359233
"B230217O12Rik",0.108313604181629,0.0956340354070186,3,21.9769502436985,18.2878170820289
"B3gat3",0.0564132585436471,0.0558052718432505,1,680.971718497966,580.195746630353
"B430212C06Rik",0.494285892947112,0.354370073091908,3,12.2546342712161,4.34117360331447
"B4galt6",0.611498505153876,0.359337122603393,4,688.051434782955,178.840675876017
"B4gat1",0.0166631273310707,0.00632205660797781,2,1001.70100121721,327.842607982606
"Bad",0.0080589629363722,0.00839715518216972,4,630.886536385767,471.926953663468
"Bambi",0.359797448634081,0.382970512299956,11,1008.03091568554,211.155019667679
"Banf1",0.00253373095249526,0.00533695565188627,4,4230.39884608742,3744.91115198696
"Batf2",0.497147836675755,0.530770396410069,1,2.9617394623503,4.31251039940992
"Bbip1",0.00632751915014061,0.0038871256147828,2,802.880344776737,743.293421525401
"Bbs1",0.416691014097116,0.330427499645663,3,137.80769167125,37.1548421137422
"BC031181",0.0175406334592738,0.0138800743009741,1,1590.5635756053,1680.98718862534
"BC037704",0.00450731866173043,0.00484652580154282,1,41.741612896847,29.9064692323916
"Best1",0.229094959969282,0.148852118160744,4,27.8710479302711,4.05941176999759
"Bin1",0.447717383212778,0.314017818775773,14,1287.32786245172,540.767370433936
"Blnk",0.590153685770065,0.434937095354927,6,233.356321744108,37.7367587043758
"Bloc1s2",0.0858579291415082,0.0878103862445047,1,715.414621485923,544.736559087626
"Borcs7",0.448772375664637,0.307681588467063,2,449.925108585355,228.496613938288
"Brd8",0.0118334312961826,0.00589283710709282,3,3115.87780915722,2366.59697992618
"Brms1",0.0290105860584727,0.00669456135482897,1,650.086087789095,651.119441464199
"Bscl2",0.193793008937813,0.24937796554462,6,738.367941142936,812.481318775194
"Btaf1",0.729511301488607,0.483722380520142,5,934.245798887316,1672.97548579439
"Btrc",0.416139206107295,0.377954557761553,80,1181.11237845351,1873.45081834853
"Bvht",0.329011411534446,0.242770452951411,7,70.3475012750035,6.88860839176442
"C030016D13Rik",0.318349188991172,0.10340785926776,3,8.28610714721031,10.5363487170819
"C130060C02Rik",0.23773771401501,0.289621773169906,6,9.48622390792671,0.978164184268143
"C330018D20Rik",0.429837165317495,0.382937652727411,5,306.257930536436,529.605663618536
"Cables1",0.39701744401057,0.485788782526116,20,168.208603232736,35.9850605528109
"Cabp2",0.414182681635882,0.416650133340592,4,1.17908143900426,5.66486401160542
"Cabp4",0.25283014363866,0.157372441093118,1,0.399285723541012,1.90202442941686
"Cabyr",0.0643903903148552,0.0484815940530389,5,11.2673877588919,14.756478333768
"Cacul1",0.0150921686183364,0.0125306792250526,3,987.801517548875,693.740279734011
"Calhm2",0.0749262596877885,0.0478295163668148,1,111.372970633511,56.5942914924107
"Camk2a",0.281968620957528,0.275277320069467,13,63.3625549259484,15.897419117493
"Camk4",0.618216482511283,0.466948512078715,4,117.871598625186,33.4642436674402
"Capn1",0.378473804049442,0.446682742366253,10,275.675964365096,1562.83582410017
"Carmn",0.190928011657204,0.352841615353132,5,143.283897643672,15.9388801602393
"Carnmt1",0.667812860721377,0.326167989380114,6,877.842199655712,999.098985345369
"Carns1",0.0665476161353073,0.159193424034042,2,52.3750887262391,25.4745592795136
"Casp7",0.412717156433621,0.433548018297582,5,481.031356745872,408.287168969718
"Catsperz",0.00893372247490996,0.00779828672337106,1,12.7360826891635,2.80666306604231
"Cblif",0.700143236465634,0.517779458535052,3,0.176966217311924,1.20630607260428
"Cbln2",0.434049427902506,0.368112109763733,20,30.4818505743403,4.62762290373456
"Cbwd1",0.194355894305143,0.419267361543947,4,288.132086754391,258.579707790054
"Ccbe1",0.337207109088795,0.409758184335615,23,120.475746211564,37.5195267938239
"Ccdc112",0.461926405220628,0.461129155215231,10,216.568407178788,13.8714305677425
"Ccdc178",0.464407366133319,0.498720680900491,16,10.9770352256257,0
"Ccdc186",0.683504262389662,0.384130131602714,3,891.419179679486,452.490466325443
"Ccdc192",0.420322255972977,0.520309048883762,12,2.03026599726195,0
"Ccdc68",0.38052675256152,0.435360488441882,7,33.8248369020952,40.1194099684841
"Ccdc85b",0.00553034280360408,0.00286110749267622,2,537.665429696404,132.838134778786
"Ccdc86",0.376623611586087,0.353698666654362,3,962.904095605537,685.429876402291
"Ccdc88b",0.281912588751631,0.380327480217857,4,26.437273227518,123.620754508669
"Ccnj",0.48824750727781,0.103513699814364,3,513.257931919808,238.17269699106
"Ccny",0.676920417194618,0.430414692333923,8,750.449068977791,451.983720476885
"Ccs",0.380929490002846,0.467180824251134,3,539.782160491285,890.295126558203
"Cd14",0.0044224802974803,0.0088948229637611,1,29.4453406538974,64.3862839602774
"Cd226",0.883870967741936,0.33702380952381,2,4.16145827634977,109.767699201713
"Cd248",0.0165745425195438,0.0240884434315585,2,1548.80850734655,170.934737383306
"Cd274",0.0242414720967887,0.00684658888773353,1,9.99684646854008,47.6413798701599
"Cd5",0.391152087561751,0.311427120407994,2,5.68536700317235,2.25207651481171
"Cd6",0.148702130611217,0.20128593579212,4,0.84318476556593,1.18365790953883
"Cd74",0.758605044570379,0.643976553797503,6,72.3088012616026,167.012796058901
"Cdc23",0.375954601717004,0.157584151308416,3,3486.40794093662,2395.30731060222
"Cdc25c",0.0135053731508181,0.0192220268539707,2,831.054540503638,761.192947024568
"Cdc37l1",0.359593031660797,0.494765040724619,11,1282.99104759546,600.84324230795
"Cdc42bpg",0.286482272301171,0.286187285361668,3,77.1908938548432,33.1397907231321
"Cdc42ep2",0.275867466542422,0.195820297802316,3,437.273695266495,159.89687361329
"Cdca5",0.0128000920668643,0.00839766026699192,1,909.692817285516,1238.70961354304
"Cdh2",0.449604851967737,0.443301734834522,20,1501.211215216,940.970735193687
"Cdk2ap2",0.00579898966498843,0.00478460142960152,1,1041.31368882628,1857.03891786287
"Cdo1",0.342534534017897,0.467295127006105,7,533.229127581247,1276.87134381329
"Cdx1",0.252625443002171,0.279274076842146,3,16.7857971278965,1.0071450088693
"Celf4",0.328513402034472,0.356776448936117,220,174.438999345357,7.66411540794586
"Cemip2",0.422689031109824,0.362299028348554,24,1483.70431859239,906.241031248698
"Cep120",0.178992565134303,0.364900746207622,2,858.954287988332,840.611318443401
"Cep192",0.391815101787501,0.266632782575561,3,1100.49719136368,1039.15320691468
"Cep55",0.00946975546372412,0.00662867456895931,3,738.798162314034,219.35196606205
"Cep76",0.414158091774693,0.247649561662274,5,422.061641627809,2966.57207711676
"Cep78",0.50230980995689,0.535051804916818,6,699.869287180426,410.934012235048
"Cfap43",0.337780927454566,0.359158008501265,4,4.8734251191108,1.60970283768361
"Cfap53",0.491518022157695,0.457871368811969,10,14.7570873387164,0.12280184754299
"Cfap58",0.420469117421271,0.49816957365206,9,2.1910580967648,0
"Cfl1",0.00465288353604102,0.00492707547481041,1,31698.8469116744,24732.4092658934
"Ch25h",0.445170113809219,0.406853764261603,6,26.1132924974719,2.50124681183479
"Chka",0.506989493981852,0.456606959828027,12,848.808702047825,645.52605525016
"Chmp1b",0.0266350413141341,0.0355299808215925,1,884.942611515743,722.343190636998
"Chrm1",0.429489680801932,0.311973219560942,6,4.82526814936409,1.15892768101345
"Chst9",0.37486534566821,0.409765463590126,13,60.200657052032,0
"Chsy3",0.427417163044473,0.370597317226458,6,64.1357029770892,64.323829234878
"Chuk",0.236386828312095,0.411719622467905,4,1372.41595942105,1246.70537429641
"Cidea",0.256766724884431,0.110873664378606,4,3.24986086855185,1.59217342198309
"Clcf1",0.346792868864671,0.320675506354105,13,105.722295611634,14.4842305342766
"Cndp1",0.451345844039943,0.331919116607139,3,74.5774317896378,0.162318931365394
"Cndp2",0.348642846491511,0.489894687699697,5,2644.6881214448,1143.39734555846
"Cnih2",0.0379428918412634,0.0596885299761366,4,259.916042310029,17.1360461040848
"Cnnm1",0.431991846741958,0.30462047861733,6,3.81943675667605,11.3324705836143
"Cnnm2",0.558547868456798,0.337226640620132,20,172.717924848148,100.597078092818
"Cntf",0.61408572625613,0.649610450319713,3,22.7074244585338,10.2615116569567
"Col17a1",0.464046759707935,0.38538310675694,4,23.480750295867,9.45288860177622
"Colec12",0.375834712883125,0.352633429850779,6,1349.04533487465,333.757739559464
"Commd10",0.587503216174683,0.550132835637405,8,1317.95855386704,582.775927370309
"Coro1b",0.00800676350148857,0.00537505871217412,1,2529.56246864703,2116.72466369372
"Cox15",0.00594802864210641,0.00412848820180815,1,329.418606137881,272.657764712906
"Cox8a",0.00385704101872334,0.0036371307706405,1,6616.96611321008,6744.53369332242
"Cpeb3",0.396852816791368,0.340899399646665,32,24.6456937928642,159.010842834485
"Cpn1",0.228959271808569,0.3224091552898,4,699.38459589091,2346.52693587085
"Cpsf7",0.466470137281556,0.200233824848974,4,1485.42067419329,743.389901579342
"Cpt1a",0.273095053642624,0.307626805157016,5,1013.62971063841,524.135722196769
"Crem",0.357645159743929,0.0756528720099739,30,315.891105728508,154.274439905811
"Crtac1",0.249676564431158,0.301081609541449,8,160.479811625112,1.14048311563354
"Csf1r",0.543717889303975,0.277550311431854,1,521.410182948561,2196.65313283581
"Csf2ra",0.271751241164133,0.244731000285696,5,447.237111125576,279.864231298117
"Csnk1a1",0.292785875676248,0.377782725970786,4,10966.2434597429,4875.93944093796
"Csnk1g3",0.37179793651333,0.460424445933941,12,1345.37627104888,442.87514925967
"Cst6",0.00839736848674059,0.0218042887953721,1,3.28462698248191,0.57389926789966
"Cstf2t",0.0284067675994041,0.0188028429744207,1,1820.47312506653,876.811303097689
"Ctdp1",0.450895509067973,0.51828634790167,9,720.251606505431,658.289886387303
"Ctif",0.383355121489394,0.421909519087725,35,169.256206933289,29.0783724718486
"Ctnna1",0.388156983148931,0.417904769556972,12,6559.09096843683,2089.46029280187
"Ctsf",0.37203279145173,0.210303724570627,2,734.518535888472,563.346873069187
"Ctxn3",0.348617510381235,0.507768961153484,5,92.8053712363083,0.407922626451374
"Cuedc2",0.0407023440200302,0.0238717930755477,7,1721.34794369184,1547.3256407108
"Cul2",0.399511874704036,0.344537524987938,2,1914.9456729553,1655.90722305489
"Cutc",0.355043212979536,0.299092974626754,4,198.61412058487,243.490368785293
"Cwf19l1",0.0305423726022432,0.0258894321747899,1,514.773830214474,451.248390508155
"Cxxc1",0.00379297244621718,0.00566259871824786,1,1541.36464283497,1013.87239213944
"Cxxc5",0.127343290472833,0.196776804995821,17,2436.03867925135,515.799190835724
"Cyb561a3",0.379363637789004,0.33169686540406,8,388.726600275989,697.476216641936
"Cyb5a",0.636693656584514,0.506406428278355,17,2314.24006213778,6986.56346904542
"Cyp17a1",0.866815349320986,0.640720493540891,2,4.29529521605201,24.5945974756782
"Cyp26a1",0.478319859386687,0.488256374988183,5,46.4494040471307,3.99358881302684
"Cyp26c1",0.0156537613047816,0.123485314481633,2,0.966057930835669,0
"Cyp2c23",0.751614723676176,0.646762761991392,5,5.35411221935342,934.043423512476
"Cyp2c68",0.833331922955502,0.447236803656825,1,16.2508122789224,4595.01300259994
"Cystm1",0.401541233989933,0.203234929321518,6,657.036341344701,119.763416120242
"D030056L22Rik",0.491147131505709,0.440330468417397,2,707.239302300281,1113.89923830015
"D330050I16Rik",0.0385083940258468,0.00741603671123404,1,51.298502415893,32.6865460748728
"Dagla",0.297223886203776,0.330767698059634,15,181.863424675273,22.3123100680203
"Dcc",0.421241256503836,0.439818345094384,22,46.6505441749434,5.57097537971291
"Dclre1a",0.608050649401655,0.403737786257725,3,440.704193944656,754.750832848493
"Dcp2",0.504128046141424,0.366326442689746,3,904.471356934451,293.792818456138
"Dctn4",0.420447704599793,0.376181055899925,4,1903.73460659809,1229.70486666525
"Ddb1",0.00489155965754431,0.00489117798534307,1,12933.8827511775,11262.6014417982
"Dele1",0.106692455255808,0.344112349005269,2,1414.6483432793,1221.07222087661
"Diaph1",0.37442992789167,0.32814983225259,30,387.611546743596,498.464331671148
"Dipk1c",0.418116387291155,0.414651191493384,8,5.46100923382622,0.324637862730787
"Dkk1",0.0451168852624954,0.039397517724062,2,866.26608607138,24.2443242819946
"Dmrt2",0.296272508336658,0.410419137761017,14,35.8788512539244,19.3013812175898
"Dmxl1",0.54940868153559,0.269143086704781,4,699.723616779526,652.087002429033
"Dnajc18",0.317824347940066,0.357442219281107,4,740.686494159655,221.666890570609
"Dnajc4",0.00847928668513027,0.0112325511303056,1,208.330253395733,175.468069421393
"Dnmbp",0.406702597959312,0.401336651270076,17,982.709037428367,174.457335677482
"Dntt",0.221416627857904,0.244253860075441,6,3.35769071740553,1.62387330779263
"Dock8",0.473994605624228,0.541747140023923,14,215.893873006558,676.561626464039
"Dok6",0.612224776582735,0.433984926114767,11,60.456221819028,0.285120778908384
"Dpcd",0.263423183443216,0.157399401477926,3,623.546685291443,278.023611112132
"Dpf2",0.0392481016140646,0.0126079719488203,2,2833.64172148466,1735.71436159385
"Dpp3",0.0235656717773452,0.0242338117050529,1,2388.73564424259,2196.22603639786
"Dpysl3",0.311789808313574,0.349842054669941,15,1040.18328226721,150.171950459134
"Drap1",0.0070414428797553,0.00558949668641887,2,1776.3710192302,882.261278668223
"Dsc2",0.599694097868509,0.391765456042238,3,296.901159607119,464.244133689759
"Dsc3",0.524973055060112,0.34451017320042,12,6.44191962982299,1.57649491620179
"Dsg1c",0.532882288097364,0.451502547692129,5,0,3.68881534482079
"Dsg2",0.64581513565843,0.547628566751335,10,266.077448494255,388.754134345687
"Dtna",0.473839734489281,0.464353792920251,83,308.979605209806,11.8976611895205
"Dtwd2",0.456113215240807,0.308249515063979,14,197.064288346581,177.556094538672
"Dtx4",0.2335029349593,0.279505759782662,6,340.258906533885,205.973421095897
"Dusp5",0.382229290373652,0.34199535985519,9,246.112905070408,76.4846187056914
"Dym",0.594421467788707,0.606662060276043,22,657.35413111154,945.495209464511
"E030024N20Rik",0.206424172139374,0.365241765502108,1,1384.07290747572,1045.20271555154
"E230025N22Rik",0.718728726650659,0.690187340282087,3,0.726449749611506,0.162318931365394
"E330013P04Rik",0.42300540096428,0.352381483262362,6,106.091554949218,1.27206142062434
"Ecscr",0.0976537344825367,0.0947302760395349,1,412.945058746848,112.40520922656
"Eef1g",0.319601416068744,0.278353455696489,4,8226.2939090713,5963.27454389946
"Efemp2",0.0209283220629968,0.0640377023198133,2,2260.24175775582,416.127473723913
"Egr1",0.3886871892215,0.100461324679951,3,611.706625234275,427.223104116893
"Ehbp1l1",0.362453707639303,0.290431970319361,20,536.688510918806,5472.52605807621
"Ehd1",0.53172939405957,0.258067872177497,6,1818.80444427047,3488.9933548127
"Eif1a",0.429019451331782,0.405137900207242,7,3280.5216107351,2472.67646759295
"Eif1ad",0.00253373095249526,0.00533695565188627,1,1447.94638394491,1214.57111340307
"Eif3a",0.408363402861978,0.0904259469751405,2,7334.95047867063,6759.16401101615
"Eif4ebp3",0.668842701431657,0.755490018820214,1,112.947398908857,71.0944545823862
"Elac1",0.324385514202648,0.177023135344252,2,300.759564844379,124.805689730059
"Elp2",0.615064640845124,0.4359686030993,3,3220.7844035404,1757.34411854621
"Eml3",0.0193993652820674,0.036299161605191,2,677.374531831508,568.251202457941
"Emx2",0.012119869344242,0.0183315154339306,3,831.795440244731,0.614009237714948
"Emx2os",0.142852142550697,0.17174900151867,5,408.285835246556,0.285120778908384
"Eno4",0.391307501145259,0.284059669200236,3,14.5348739017473,0.24560369508598
"Entpd1",0.385770154425223,0.227434772818121,17,172.871461300022,223.371554729227
"Entpd7",0.420114414315674,0.403384198888383,5,733.920685258954,270.069874525636
"Epb41l4a",0.497283814444609,0.51130834059497,25,624.911896470244,14.0439164962524
"Epb41l4aos",0.436389352423319,0.32383026050705,12,135.1411813705,127.357116391628
"Epc1",0.594386115700848,0.473151542158411,16,638.138012131295,461.33971995473
"Epg5",0.653442561495568,0.409025437662515,7,452.491939175079,640.468451694076
"Ercc3",0.325343975320061,0.153932050627415,4,554.265395837227,364.134650302658
"Erlin1",0.389334936703009,0.331568034376272,6,1305.15987976915,960.566176705645
"Ermp1",0.382128449613767,0.340838483175234,5,1000.54374166071,947.987816070766
"Esco1",0.0127766549244318,0.0157321905760087,1,732.748349264335,694.722093455593
"Esrra",0.400484981949594,0.0857550986264954,2,202.300996868235,115.722990509367
"Etf1",0.507714262610507,0.363663485952973,6,2450.1611531421,2764.71581646658
"Exoc6",0.542036377279779,0.299492947652998,15,687.786104730499,1853.05391650215
"Exosc1",0.00241147885893141,0.00388550033599888,2,865.775517536639,663.960368819143
"F830016B08Rik",0.19518787663949,0.236368778280543,1,15.5647363980097,6.38531259694337
"Fads1",0.482365949366005,0.196160350952475,3,2795.1354461834,4034.11177447931
"Fads2",0.440172564486615,0.193614948999888,3,1970.34154674702,3666.97708620307
"Fads3",0.508885721390538,0.389335043830783,4,420.789461491486,319.038330262378
"Fam111a",0.301750072425211,0.339268334487842,2,940.688309722723,1722.21300503002
"Fam122a",0.0104272527968939,0.00616569336604485,1,538.268071630931,496.360280140734
"Fam13b",0.586906987937293,0.226616348336297,4,716.772417761176,671.701502860082
"Fam160b1",0.334658509328658,0.330018873157234,6,874.527765295318,699.055233559714
"Fam189a2",0.445197560489282,0.454477967151119,5,64.5756519500866,1.04666209269171
"Fam204a",0.463762106402863,0.362645104914239,2,794.957739669473,392.044797940382
"Fam210a",0.442234786016367,0.293401079294878,2,1132.33929524199,1166.84351410797
"Fam45a",0.470304729285554,0.279379808677337,4,653.386057167012,991.071260970939
"Fam53c",0.00780899456627604,0.0037591641031322,1,1515.53206183221,763.953365141856
"Fam89b",0.00502841109290918,0.00421861803025118,2,1344.69994198012,980.654729242955
"Fas",0.0873675844391262,0.174397229856807,4,34.7048464635454,96.7191498170671
"Fau",0.00487634160713083,0.00319823617112853,1,3697.98490638729,4275.58942575186
"Fbn2",0.554574529550065,0.501444249198213,15,4621.30148580295,213.365347975099
"Fbxl15",0.014693685930609,0.0119007845796292,1,202.203532856196,248.552331149604
"Fbxo15",0.595130842084865,0.520508429709304,16,10.3080201122993,1.24129729505464
"Fbxo38",0.456221613471353,0.149637653215264,2,1336.01431177398,1168.10850344315
"Fbxw4",0.400575396414844,0.413272015856193,14,115.031416361301,107.278271351807
"Fchsd1",0.0125207290165725,0.0281107516997365,1,109.369925906186,29.8844711257877
"Fech",0.618502343456231,0.289954259634603,7,1430.16656469,36581.6954549644
"Fem1c",0.76015389441138,0.489327736336149,8,489.842224686542,332.101650099534
"Fen1",0.00820839480556562,0.00661285960278805,3,2455.23911676722,6111.84885832978
"Fermt3",0.804038319193921,0.143093896248045,1,140.051668246442,4576.30165204746
"Ffar4",0.421338616392189,0.406817420378584,4,18.2069340991015,2.58453157555537
"Fgf1",0.298505718437135,0.399997638546926,13,234.46755896718,61.8232167166607
"Fgf8",0.120302502272337,0.193916275007492,12,223.979352861881,0.436903451052533
"Fgfbp3",0.129919367291448,0.0695292780924335,2,111.217460963391,29.6172773715681
"Fhod3",0.513380231885288,0.464866578440038,78,278.745423913058,22.0248816588771
"Fibp",0.150644744076406,0.357236818754979,4,1137.30851497348,520.129692554435
"Fkbp2",0.00558753904723905,0.00484784731068586,2,700.28719856727,911.040105791921
"Flrt1",0.185085943438136,0.520921521925934,2,279.188757672899,16.3355805924719
"Fosl1",0.015167351907737,0.0144629246015129,2,1.33335178339688,0
"Fra10ac1",0.312610312130149,0.331304167053923,3,435.043253983614,247.511899956543
"Frat1",0.299669105036121,0.167134361702585,4,167.81883096226,515.318917252895
"Frat2",0.00458221690812658,0.00424122753900791,1,134.400353193165,159.552609732948
"Frmd8",0.0436121257087901,0.0924003797248744,3,1234.5344958487,750.460556987508
"Fth1",0.293500972437342,0.189064409847683,5,13442.2790924895,63446.3331722606
"Fxn",0.411176615575015,0.309968634604303,6,728.008911241202,1042.14887770953
"Fzd8",0.373197436122297,0.354570548497186,20,112.739487980334,20.4320232949794
"Gal",0.568926221804511,0.442792770954536,1,4.02687123470762,1.26328496317653
"Galnt1",0.580579657644326,0.457982256444287,21,1587.33729364543,3413.58168482625
"Ganab",0.0352588230860113,0.0605761136504886,2,4199.33348383837,3040.72401272151
"Garem1",0.574411880713763,0.523020203374277,32,638.196916710165,540.540318631439
"Gata6",0.247951003470449,0.330534808968112,12,300.407928385281,150.161552119945
"Gata6os",0.212372636738239,0.179572766991929,7,16.5123739240229,5.69199392628736
"Gbf1",0.39664788217165,0.0912994488655012,3,1669.98423697963,1097.03334615141
"Gcnt1",0.621254123279632,0.236345880194586,21,953.44400309745,1919.96191536372
"Gda",0.618455305049514,0.37754404949283,10,6.14562181118907,121.015052722677
"Gfra1",0.367896307269266,0.488377189019712,54,2482.9189551639,462.624963461627
"Gfra3",0.0131851119872662,0.119116930646384,3,52.8150757241501,3.09056993077991
"Gjd4",0.703360080706666,0.400515383098608,2,5.76881584606324,6.00028814530338
"Gldc",0.64215808778045,0.523885973526235,10,438.831402798217,1684.16395871917
"Glis3",0.430233532985717,0.537342711387374,48,349.23343267793,16.1957792492605
"Gm10125",0.285555166406897,0.367804118337596,6,6.23021986161741,0.824621710350569
"Gm10532",0.325415274631599,0.81032454472984,1,1.47653472006036,0.706407485269413
"Gm10536",0.8767121590651,0.754928315412186,1,2.74630519162697,13.6638359208067
"Gm10548",0.309139567763592,0.282708277328065,7,19.2689180795978,3.83401244206495
"Gm10549",0.28663341356677,0.419133111137791,6,1.43505458929246,0.314101603509543
"Gm10814",0.196862497059377,0.0871729804157857,2,2.79749044475561,5.77893547146866
"Gm15328",0.071111247082613,0.120040181260356,1,1.41572973849539,2.06112252172679
"Gm15972",0.601074318723198,0.380651659000179,3,0.613240053397826,5.43505342964166
"Gm19424",0.457411568406501,0.570757463549447,1,1.27778780953035,0.772077573004567
"Gm19466",0.1828563117923,0.313500362332478,3,12.9926161743949,2.62681471897639
"Gm21992",0.36090020775151,0.355470490143598,8,59.8935245885816,49.4280743950651
"Gm2518",0.0053339670100594,0.0054795966886102,1,17.523087144793,14.7772640534637
"Gm37013",0.136856076499041,0.151733223913132,27,4.52790626002005,0.298666833712325
"Gm38666",0.136856076499041,0.151733223913132,27,1.41188389912527,0
"Gm38667",0.136856076499041,0.151733223913132,27,1.17987579968029,0.23455152880711
"Gm4013",0.00526917359984531,0.0058291418395456,1,23.2326136216099,17.1023082625708
"Gm44505",0.559800703528955,0.566181097215127,5,31.2518066318341,41.189088012603
"Gm4951",0.675145092344612,0.492136992666222,3,4.9191366759513,41.1287940508619
"Gm4952",0.380889086403792,0.157283229481238,2,2.90783726156307,252.568880042791
"Gm5820",0.357585049514883,0.352874302796403,8,12.353720256937,0.324637862730787
"Gm6225",0.47059172057337,0.327541910700784,2,17.2567011466013,9.78916297833393
"Gm6277",0.406772180117282,0.283022263388443,3,4.2944786937086,0
"Gm7102",0.187843442004834,0.158048551539493,2,10.1779075436081,8.31730060959146
"Gm960",0.0370245610561711,0.0391602360976149,2,8.28074153136465,1.93011360353374
"Gm9895",0.601540603864887,0.461785233328938,4,3.69563276971809,155.882138939055
"Gm9926",0.576377945054371,0.486350617827598,9,7.08435718585097,0.776328169080342
"Gna14",0.569558820949575,0.429890791148783,17,271.682784693797,46.6407806811759
"Gnal",0.242441152599968,0.235351928992619,8,45.9726906032826,48.3881345746459
"Gnaq",0.499415408433894,0.503012498700327,17,1892.67279874489,315.367024189528
"Gng3",0.253950955870214,0.358692608672409,2,83.5214960904719,9.58902016369325
"Gnpda1",0.341896414775192,0.204840217482563,7,1119.10460800224,1002.41109969676
"Golga7b",0.233310780459212,0.0547737677100532,3,3.88225325301384,1.12480460985224
"Got1",0.207644711260411,0.264771629634424,4,1023.04628391428,629.178667163389
"Gpam",0.542989738607115,0.412173375432587,17,1033.42332864915,2273.25880791606
"Gpha2",0.552686063072754,0.488556087905437,2,3.11864085843189,1.44402496072672
"Gpr137",0.00680305721313235,0.00728208379972063,4,385.586354201749,136.81142757929
"Gpr151",0.34185764390203,0.32070518197989,3,1.20733690418131,0.647515923688153
"Gramd3",0.433623541105805,0.485139778760937,18,602.049177148795,225.826713151993
"Greb1l",0.409898329961483,0.387348833433499,17,188.566218033012,207.843180993439
"Grk2",0.345078375479785,0.168541581625912,8,475.881970729104,643.523404559526
"Grk5",0.461516454298944,0.421941654376208,9,93.4415820823615,39.4622540790489
"Grp",0.36053734932811,0.298815638656707,2,2.36838969775724,0.314101603509543
"Grpel2",0.00609511074379,0.00399081060265271,1,777.670247707832,517.869193008897
"Gsto1",0.00985433555969188,0.0164635221509574,1,1328.61583467308,2296.7953794319
"Gsto2",0.113674256968419,0.132744350190196,4,16.4406572890265,3.74528666729292
"Gstp1",0.0408552260186592,0.0337050240615793,1,3751.1371047496,8611.43716046861
"Gstp2",0.629214894234909,0.408366998139501,1,16.7897238866396,86.1873096683998
"Gstp3",0.652666503094025,0.387786922779422,4,4.04471614463817,927.270078657579
"Gucy2g",0.447427956664672,0.385830776643273,5,1.86351948394156,1.09495563396193
"Gypc",0.551030256493391,0.345747766686039,8,829.421102922966,6990.43315650956
"Habp2",0.597322901556837,0.485329051584483,9,511.30866315312,2514.74654523327
"Hars",0.485792669361098,0.125111702326833,2,1905.84595877051,3826.12190456542
"Hars2",0.020881860723626,0.00768328006296356,2,999.747465023721,579.994551170206
"Haus1",0.470347491118147,0.423463249707983,4,890.293269457959,847.44021557007
"Hbegf",0.309319990647213,0.42887383212793,4,238.911891677346,60.8730138337289
"Hdac3",0.0108660513232124,0.00928800778219818,1,2503.19072081596,1287.85795351875
"Hdhd2",0.498838117907458,0.480731733485931,12,1101.43548985989,727.858432550009
"Hectd2",0.573349186736685,0.288844233467014,12,83.0518969749766,21.7531257848488
"Hectd2os",0.566404320169823,0.593969610105016,10,10.6709627391205,4.36094342019977
"Hells",0.00571835335523322,0.00573347142382379,1,1323.03683601708,925.906485633593
"Hhex",0.475033813790922,0.301403016869302,3,248.637509711102,680.897695608561
"Hif1an",0.135940733684731,0.248844787736422,8,1275.82875779772,916.940909245747
"Hmgxb3",0.642821413324518,0.498361820027059,10,725.045496669405,418.345341782399
"Hnrnpul2",0.00377314946153688,0.00367083958389162,1,435.293335806108,271.433035140732
"Hoga1",0.634025475314006,0.512897838662417,5,219.6308224481,1412.89028747439
"Hps1",0.0292728274901884,0.0175822682205384,1,381.887295408574,336.44928271462
"Hps6",0.0535193330684732,0.0298113332113439,2,168.135039969343,117.975960407588
"Hpse2",0.278986980775843,0.390539364143154,10,14.451067037654,0.515937618697341
"Hsbp1l1",0.0820247914900063,0.146050165200339,1,19.8130188234103,4.7412114228023
"Hsd17b4",0.323432111189596,0.441058160241533,5,2211.50447490229,2027.43543621086
"Hspa12a",0.474616984264088,0.43774111688985,7,581.445253364877,24.2537999398795
"Hspa9",0.244651533743806,0.219425571710663,4,8003.11536827163,8926.18861587037
"Htr4",0.493434230053148,0.311819811439327,3,1.08149674142136,0.162318931365394
"Htr7",0.245284064117423,0.285824632267664,4,3.36698880278107,0
"Ier3ip1",0.024712378896385,0.0211625674357916,1,2044.56240297461,870.548884771406
"Ifit1",0.630841209276222,0.352995319371536,1,9.15886235941331,56.7669959925402
"Ifit1bl2",0.0967391304347826,0.0256578947368421,1,4.31258646222732,4.84155408491595
"Ifit2",0.425707463987368,0.440212905776121,5,329.93266928325,231.981308078379
"Ifit3",0.76562809607342,0.530414308185564,2,25.021372770379,55.0677828219111
"Ifit3b",0.395554428121549,0.332878914627342,1,11.8712954374108,11.8732515334857
"Ighmbp2",0.00641369132920987,0.00406197025298215,1,333.434170907187,179.504803938364
"Igip",0.00558667915377219,0.00922050642878205,1,32.6180846212557,15.3030889698892
"Iigp1",0.295179352260492,0.459637441808376,4,157.586860394803,69.3752479913041
"Ik",0.0052767383511971,0.00306023007137158,1,2216.27468690802,1512.55144734287
"Il17b",0.567855031814559,0.328757491792306,2,15.3133696331774,7.18028834475933
"Il33",0.388309090516657,0.416807837730101,11,926.896396633091,48.6870770238892
"Impa2",0.446717383655958,0.497075928124834,9,357.765476187059,169.527186800159
"Impact",0.663389912927521,0.356948001501137,2,1439.77739497993,536.358984353846
"Ina",0.00780939316139209,0.0120279379081306,1,62.2774277499414,11.9432978350932
"Incenp",0.590314055175238,0.487486865812035,11,2109.64870200269,2918.01973644202
"Ino80c",0.607763779060004,0.319217014983421,8,626.107483417788,931.266066931747
"Ins1",0.459213747734795,0.58448810233946,7,0,3.44747995475268
"Insl6",0.16154747266387,0.183863848577005,1,43.4211543489767,9.76536851004838
"Ints5",0.0394904368438348,0.0432825150369084,2,1332.8272536453,1285.33328535034
"Isoc1",0.419094372101336,0.41992506953023,4,3090.30703106305,2103.28896248856
"Itprip",0.33328031573552,0.368520076707449,6,578.589180159534,260.199644218365
"Iws1",0.23774224577292,0.220969039303385,2,1404.0294290168,811.275639581391
"Jak2",0.515834694661223,0.356931791115116,20,532.337779942001,1461.70269493296
"Jakmip2",0.527233327950784,0.369925793080123,9,17.5369993798517,1.65374578287806
"Jcad",0.424237961741868,0.428838366976935,13,1304.51742628073,721.319751350108
"Kank1",0.420660814290199,0.362906007785037,19,828.182215885504,379.119262218461
"Kat5",0.119852859764232,0.141476268208513,4,671.660347700282,400.72542786661
"Katnal2",0.48821158749191,0.440032370328897,3,95.9908215850947,8.18917235833798
"Kazald1",0.218884642090522,0.0920429811179365,4,199.162572001264,6.83402918734873
"Kcng2",0.379491752343096,0.318829668377869,9,15.1349610664775,19.8100155907358
"Kcnip2",0.217796912058875,0.307596996082603,30,35.7104736272761,80.0619144615306
"Kcnk4",0.0225584119790509,0.0616837736870498,1,1.21440587518485,0.569349907332494
"Kcnk7",0.605235153766995,0.396040514968023,1,3.07440003938568,4.30956482565073
"Kcnn2",0.252512751856055,0.28125771507898,6,20.6081410024973,2.75560346517346
"Kcnv2",0.764656750634459,0.633095642821881,3,17.8656493036653,0.687033007510557
"Kctd1",0.431429093798908,0.421481429205194,31,317.301275597883,19.8575734964872
"Kctd16",0.674250287862514,0.527217411427012,5,25.8832037285996,0.24560369508598
"Kdm2a",0.135572423581897,0.169809605957923,4,1528.56282105909,825.129860772015
"Kdm3b",0.36388243333866,0.0521471635004192,4,1293.23957224698,740.454476209221
"Keg1",0.751877924813641,0.663827432465846,3,646.738745774218,183.708884735397
"Kif11",0.596280010749785,0.576903609907428,3,3072.59785126854,5075.40772392958
"Kif20a",0.0118334312961826,0.00589283710709282,3,3427.99868316369,4275.01525758208
"Kif20b",0.551468105351559,0.442482786758668,10,1438.93813238879,1229.12828685514
"Kif5b",0.368891825940455,0.282491694974803,4,6072.76553198746,2597.71853712399
"Klc2",0.244691932430452,0.233378938217375,4,520.382438082797,71.5182570189266
"Klf9",0.413770622110783,0.356850507785443,8,220.90502753781,97.7989277300119
"Klhl14",0.410673161867538,0.459666889448692,10,287.872058365361,0.978164184268143
"Kmt5b",0.560857235292648,0.457134515213232,41,1364.09617547278,509.582315682102
"Lama3",0.414691766012433,0.41222772158711,9,49.2806032975412,3.58989328345612
"Lars",0.00316459986652476,0.00525417614133472,1,1888.00137957393,2274.37408488076
"Lbhd1",0.00792972271344846,0.00535222089099793,1,0.74419541703247,0.32138359002381
"Lbx1",0.161565693392443,0.168715978775024,8,1.73116658511354,0.693043405359758
"Lcor",0.405768929050978,0.331146565306714,4,916.322383591769,645.661112161723
"Ldb1",0.279455109544461,0.178860665124679,8,1639.98921028207,967.616547491675
"Ldlrad4",0.451225612302554,0.436066875703153,30,83.4241021083876,139.002276899033
"Lgals12",0.030485607814569,0.0986028953404233,1,35.0390355325733,0.324637862730787
"Lgi1",0.51363382365113,0.534272890432488,6,41.0166013966157,1.18425079553171
"Lims2",0.287428409753632,0.260411384452254,3,62.6056781251405,18.6409716477006
"Lipa",0.541352688414905,0.371108655002061,8,827.130223620679,2626.82566438783
"Lipg",0.283550215649961,0.40064090149475,6,172.226324671521,15.4961485276292
"Lipm",0.547578410833144,0.500912104349581,1,1.80440283977007,0.530724473994364
"Lipo3",0.398764184792134,0.336248113677981,3,461.020474936554,157.815134311543
"Lman1",0.00566389641031525,0.00720924142825671,2,3317.18700484425,4176.05856198383
"Lmnb1",0.346514720695887,0.495670273623305,7,3242.91665145867,1801.38199143673
"LOC105246506",0.740891344567234,0.362154669430365,4,6.1091156692226,22.3046068154074
"Lox",0.0396722910721462,0.0533492613833042,3,1627.53835697275,207.292974135959
"Loxl4",0.149508510810268,0.257229472925821,8,82.4204377197483,6.17936409221585
"Lpxn",0.757554886521532,0.41991687589531,3,21.9834312705422,78.2677676790957
"Lrfn4",0.00395564197158364,0.011754162433991,1,333.428301794803,28.8069642378626
"Lrp5",0.536647728644072,0.451591301614256,11,363.36892474178,220.462421494212
"Lrrc10b",0.023988938241162,0.0321576015853457,1,18.5467611547547,1.772021769049
"Lrrn4cl",0.487362790476197,0.420953513712996,3,19.1817062711605,4.00924381961302
"Lrrtm2",0.301549844996433,0.65760267122596,2,104.872636704535,13.8601633159924
"Ltbp3",0.228844740121869,0.206398875772773,3,513.344098660896,61.1656074941655
"Lvrn",0.111287665928097,0.153550964220655,2,4.24677997838197,0.69670111544265
"Lzts2",0.00517865511163093,0.0136690711431189,5,1711.72998589569,278.658705072954
"Macrod1",0.230961680685256,0.316100925840907,25,156.28548712041,126.875585059327
"Malat1",0.11544369573317,0.162323677730614,7,37515.510134253,10274.8055360796
"Malt1",0.458232537520857,0.279912384911834,2,183.275680456128,180.5171775159
"Mamdc2",0.345442215056884,0.51239283098863,12,43.1535348813587,18.6018510765878
"Map3k11",0.113275849941244,0.429764406695317,2,1246.46681696335,913.101782495692
"Map3k2",0.527258240225598,0.535764167420545,4,468.177550757593,242.615510613139
"Map3k8",0.437292067444145,0.305062158120709,6,34.3376905151509,58.1435395727235
"Map4k2",0.313504522735103,0.25447234887401,9,491.165960242249,354.248705308012
"Mapk4",0.462131893423068,0.49246722456453,16,350.097151680662,2.42308079547913
"Mapre2",0.554230876392512,0.489619106433162,49,1369.04500401283,1242.57279101929
"Marchf3",0.541384201579966,0.555779713145324,16,16.6283832010584,186.52862697337
"Marchf5",0.402552442161401,0.299110241083525,9,1830.18979981337,5188.17489704259
"Mark2",0.341511933123526,0.349090112933167,23,1311.03941811968,1086.12993467173
"Marveld1",0.155374021422209,0.0968272907448719,2,338.244736619299,173.569443724906
"Matr3",0.00655892619426377,0.00552427125892318,1,8319.15652973397,3383.04420487174
"Mbd1",0.427388901621693,0.237948037381984,2,1217.08179951976,1147.36829695553
"Mbd2",0.517972734941504,0.469838489407728,28,273.526838699813,550.094581883222
"Mbl2",0.471146394423367,0.36783950501068,5,0.408765457099289,66.8043644974503
"Mbp",0.642460999314686,0.37260450627724,81,325.250343098606,889.566931425184
"Mc2r",0.698481732895109,0.384562450960238,35,61.7552543634937,21.0119939858302
"Mc4r",0.138537275767565,0.211953102828035,3,6.69510743080371,1.01768126809055
"Mc5r",0.0438424175065337,0.0339687029134918,1,10.8038055981465,31.5847657296345
"Mcc",0.432145354385596,0.469651552455228,50,406.903687354498,450.838326028473
"Me2",0.472889992386288,0.295514446070424,6,1557.04740049112,1783.36383023343
"Megf10",0.382742241941862,0.393207740124252,5,44.4482612233539,5.69071240316588
"Men1",0.0411820335424945,0.030102151178722,8,1818.13873185611,915.810031166213
"Mex3c",0.472068333071705,0.410397163727951,14,769.958672251685,234.010263432525
"Mfsd13a",0.199106232474809,0.243085938461539,4,261.085663552943,478.247237463594
"Mib1",0.357832877423048,0.357261969648348,10,1630.41389977455,528.056588199547
"Minar2",0.369909302612166,0.401337435771133,16,380.464039386851,1.2484981078795
"Minpp1",0.722394796004027,0.469893096968742,10,1944.03436219917,4133.63651414133
"Mir5046",0.071590794253333,0.126166274738147,1,0.490628581153098,0.175995775489229
"Mirt1",0.531446872945841,0.426726756097313,11,0.504870213815678,7.76419859483803
"Mkx",0.179766872096236,0.205179488294333,3,88.3549313134399,6.72949239102507
"Mms19",0.00440708363469861,0.00433535700639854,1,1104.06024644211,613.655686157609
"Mocos",0.0297144653619335,0.0204717532370349,1,13.2007672628956,149.574249609638
"Morn4",0.00230223429951691,0.00933766651940363,1,552.652091498388,49.2112554461874
"Mospd4",0.640416456158425,0.492555526456908,7,3.62313648549482,1.015897967122
"Mpeg1",0.436290367259074,0.323702840939728,2,27.8976580506059,161.590235694529
"Mpp7",0.351465331980182,0.383164204336719,30,361.672696621277,216.213092356244
"Mppe1",0.27704549108715,0.371860098276741,4,478.384942076812,1090.76090951368
"Mro",0.367148347691113,0.397966794784318,12,8.54430732455546,2.50753247498025
"Mrpl11",0.00664410210717201,0.00437999196775082,1,1119.14080639692,797.490371578058
"Mrpl16",0.511209737183191,0.390588704411214,2,651.585005846582,788.846752797005
"Mrpl21",0.426492201216793,0.443114858869462,3,1069.9378422151,861.445375358083
"Mrpl43",0.00584169375940147,0.00428681931825885,1,956.137085912283,616.706549257006
"Mrpl49",0.00487634160713083,0.00319823617112853,1,1421.33162365238,1447.34034183804
"Ms4a10",0.188902594436502,0.32722593777285,3,1.24098343248325,1.015897967122
"Ms4a2",0.543429955106466,0.373409156226357,12,27.7645285183005,31.8627825376788
"Ms4a7",0.315784181738129,0.28337993677003,2,45.7740794236367,23.3156573194118
"Mta2",0.233804746178531,0.0501071614456925,2,3345.58224310614,2999.95062921668
"Mtpap",0.352860903984374,0.153323010381717,3,976.055607885187,602.26523807184
"Mus81",0.0115753544468858,0.00711363123032952,1,518.836156205481,377.788023352317
"Mxi1",0.346837484826487,0.449580933328235,24,953.16567567065,1624.97438801935
"Myo5b",0.493151516282033,0.482835673245284,25,897.623914163204,205.1810689424
"Myo7b",0.511910449075832,0.520079772118076,4,64.2850171109442,1.93100525401801
"Myof",0.383284553997956,0.357172892008946,36,533.470251829796,89.3435383940885
"Myot",0.514368331327545,0.625708313496674,1,33.9591150591585,39.6443269505777
"Myrf",0.36924183149308,0.367274798303208,7,202.09505806447,290.388429434524
"Mzb1",0.659975784858668,0.68666215911652,1,5.30671153886937,64.3737136270696
"Naa40",0.527137199011823,0.411652927242767,3,2222.58635641597,1491.57988080636
"Naaladl1",0.809723723950474,0.584074740671776,1,16.0051050918517,130.714602014423
"Nanos1",0.486125147162825,0.295454134410603,5,61.2573756945857,121.553816466006
"Napg",0.339388146565331,0.37952640937628,3,513.715856705704,494.39255163167
"Nars",0.594324731375429,0.453122231448984,6,2999.71111999754,5775.67496829825
"Ndfip1",0.368075015238365,0.329306673764044,11,5942.90191737605,2675.84250365262
"Ndst1",0.500513470566731,0.457866382841528,10,1168.67462976536,627.290942215565
"Ndufa2",0.0052767383511971,0.00306023007137158,1,2642.03026771672,2748.88998209732
"Ndufb8",0.0562595165577189,0.0524434191576382,1,4069.19804748237,4003.44136806204
"Ndufs8",0.00404408793970733,0.00497412997044878,3,2924.27558131916,2840.18741554666
"Ndufv1",0.080035682424534,0.0971822385271853,2,3395.29967128141,4443.60611284269
"Neat1",0.339016292316956,0.317468069247179,8,1289.8964432445,1119.626191918
"Nedd4l",0.540626244463707,0.552122897365531,44,873.983268759948,209.042913910552
"Neto1",0.575157618838597,0.471135641206157,14,4.17019092371761,5.20531239748744
"Neurl1a",0.305481329952221,0.306708720511885,12,156.055095857371,58.6997141296952
"Nfatc1",0.365751296828453,0.305917290502016,49,278.005586506561,241.247204036445
"Nfkb2",0.011563969456841,0.0112521398691909,6,270.400991440824,227.363957768416
"Nhlrc2",0.456841748453948,0.509962032876058,6,878.386122504396,869.866445920671
"Nkx2-3",0.0426826315832756,0.0993737545921292,6,5.45838928849446,5.96861351304419
"Nme5",0.232147288333273,0.188113949865927,4,20.1898085443292,0.647515923688153
"Nmrk1",0.496402933700534,0.165012409821177,4,253.54944147816,116.480548655071
"Noc3l",0.161756465218145,0.0574593133314382,1,371.597348235311,275.827430291682
"Nol4",0.395167445696056,0.394919687849969,18,16.4673839314711,1.42560389454192
"Nolc1",0.00361295323262869,0.00293722633588885,4,2718.07803479136,2666.3943437545
"Npas4",0.0282731849508566,0.0379503039470741,2,1.93136877548091,0.24560369508598
"Npc1",0.510586621192302,0.338087336872089,3,761.813114639332,685.581584132228
"Npm3",0.0525523525873993,0.0377104275239956,2,395.845518092685,135.7783946445
"Nr3c1",0.663116960720056,0.465596043307973,18,1215.21818279444,1324.17264593117
"Nrap",0.654205581971812,0.546893694415104,15,14.0327704904042,22.0865097182048
"Nrep",0.503907095518851,0.34669410964893,24,10477.9228537627,1097.29978002159
"Nrg2",0.261718277108381,0.285254094245145,9,12.1250997821297,7.33733595516693
"Nrxn2",0.207659148343611,0.221640695359335,36,79.388031941363,10.7579108207711
"Nt5c2",0.632667895309489,0.469861051589266,53,1261.50248407907,1426.48760828302
"Nudt22",0.00831036329938706,0.00940951958660405,2,228.739455557507,189.261678742578
"Nudt8",0.0203346195594126,0.0461548697111038,1,280.574035652785,205.823346352336
"Nxf1",0.0157017397970199,0.0108632510129779,2,3496.51990796179,2681.85637815381
"Oacyl",0.231203265199209,0.278239007486273,8,22.198709340362,0.85812839632377
"Oga",0.0157283287176544,0.0256399561353903,1,1574.61856336834,1137.83214269331
"Onecut2",0.186701728092872,0.107013953219815,4,5.5219732898598,217.408295716771
"Oosp2",0.937386607622115,0.758523455180156,1,0,5.7053638540579
"Osbp",0.391363666860768,0.294267862827903,9,300.900762962121,289.196275548739
"Osbpl1a",0.625593580548612,0.524088806887816,90,682.954934478659,877.259680053571
"Ostf1",0.458889036409693,0.599537834845977,14,1259.92708028428,1380.80886713216
"Otub1",0.00854104872741517,0.0108171996442765,1,4032.24373150159,1799.81926223439
"Ovol1",0.330493826684216,0.400280800144621,4,315.211666675654,3.95315657952504
"Pacs1",0.651785487467317,0.352468656873039,6,1120.58837867605,842.250434600008
"Paip2",0.0201704060300313,0.0092637527127629,1,5161.88121336928,3446.37386491295
"Pank1",0.663417925531736,0.365286204803295,16,331.492087598634,466.503062993082
"Papss2",0.648599696477852,0.469513428192176,14,571.775580556039,369.95442921954
"Pard6g",0.4355769829382,0.381150654468788,11,1353.48719833702,57.4433735702524
"Patl1",0.614986497365622,0.439183089220753,3,846.293752099971,523.125520754449
"Pax2",0.114058946226143,0.145497235303559,24,1546.03295783845,0
"Pcdh1",0.276271899962742,0.270838411060882,13,241.656327655527,215.952251326437
"Pcdh12",0.33944389061049,0.199190632988459,4,258.49097787018,91.0371385442701
"Pcdha10",0.0621207234417368,0.0970814785169596,4,4.60985767056491,0.248347964989053
"Pcdha11",0.0621207234417368,0.0970814785169596,4,3.90797013870493,0.490267604648743
"Pcdha12",0.0621207234417368,0.0970814785169596,4,6.53952808040953,0
"Pcdha2",0.0621207234417368,0.0970814785169596,4,4.32734410448726,0.23700756575797
"Pcdha3",0.0621207234417368,0.0970814785169596,4,2.9124814842936,1.63962489783646
"Pcdha5",0.0621207234417368,0.0970814785169596,4,3.26745882970029,0
"Pcdha8",0.0621207234417368,0.0970814785169596,4,1.51321571795551,0
"Pcdha9",0.0621207234417368,0.0970814785169596,4,5.77433552149258,0.2382355842334
"Pcdhac1",0.0752170884417348,0.115898885112389,3,3.6973927753959,0
"Pcdhac2",0.0752170884417348,0.115898885112389,3,12.256063583312,1.58697176916092
"Pcdhga1",0.159913112684995,0.180651820098546,18,53.2673292110297,4.86350721041356
"Pcdhga10",0.1375595594705,0.184483701341521,13,108.015172551236,15.2739192562461
"Pcdhga11",0.117344769861638,0.179719255515445,11,191.375754177052,12.0632680157523
"Pcdhga12",0.103140919493621,0.185517818151397,9,151.67200268167,17.7127493229258
"Pcdhga2",0.151894029367909,0.178602072223324,17,155.048779194474,21.2549526857263
"Pcdhga3",0.151894029367909,0.178602072223324,17,125.400142654534,4.93872878145423
"Pcdhga4",0.145692257672513,0.176597357891354,16,108.27058974351,4.0210300728275
"Pcdhga5",0.145692257672513,0.176597357891354,16,129.865130228088,12.6727972271325
"Pcdhga6",0.145692257672513,0.176597357891354,16,87.8891389011236,6.1701053190273
"Pcdhga7",0.135317659457383,0.170731459441945,15,351.329053882954,34.2066434669032
"Pcdhga8",0.13339258090074,0.175138860711224,14,87.5061055113438,6.01297614720491
"Pcdhga9",0.13339258090074,0.175138860711224,14,61.0386372871456,6.16675640735095
"Pcdhgb1",0.145692257672513,0.176597357891354,16,69.9979166864367,4.89462840614063
"Pcdhgb2",0.145692257672513,0.176597357891354,16,67.7652915065186,10.5994685039335
"Pcdhgb4",0.13339258090074,0.175138860711224,14,135.430198076244,15.2188686864094
"Pcdhgb5",0.13339258090074,0.175138860711224,14,112.77289449747,9.13158000379944
"Pcdhgb6",0.13339258090074,0.175138860711224,14,386.176611836538,24.2955279026624
"Pcdhgb7",0.1375595594705,0.184483701341521,13,305.745530115039,11.9482166689532
"Pcdhgb8",0.113300620460781,0.184339305043931,10,26.2273753501601,2.45133912395597
"Pcdhgc3",0.0512439340406825,0.161190097145492,7,2112.40887558546,231.977307161923
"Pcdhgc4",0.0589488220308723,0.187134436374968,6,211.629683860643,21.8281082384836
"Pcdhgc5",0.0676547153347883,0.220192005968693,5,66.12899792895,7.41406919186505
"Pcgf5",0.430330806196295,0.321796536194425,8,154.764547478393,757.534370996749
"Pcgf6",0.00480280009881937,0.00337899336628481,1,647.429095105393,313.438357048606
"Pcnx3",0.445513734803434,0.120857378200765,2,1095.01431558718,641.849178584687
"Pcsk5",0.494473307350375,0.479736274221007,45,1242.65479235283,125.275698901678
"Pcx",0.443441795000018,0.335452354786923,12,961.497364467841,3710.50665439895
"Pcyox1l",0.486450559121521,0.293491025768004,2,840.790082015614,315.860773744542
"Pdcd11",0.00456910743578883,0.00272447037052118,1,677.227630208617,483.155550197518
"Pdcd1lg2",0.856212454138162,0.477067507688642,3,0.12454395739122,1.12480460985224
"Pdcd4",0.546849408731393,0.313431799073944,10,3136.68430251608,739.821636386049
"Pde6a",0.493055273086971,0.360720675911651,5,1.515916049888,0.162318931365394
"Pde6c",0.792660357812602,0.56947726509546,4,0.584800852722993,266.088781631433
"Pdgfrb",0.468602069241399,0.420278693455696,16,2481.1821147295,263.081158376166
"Pdlim1",0.635155459782612,0.495719887725605,7,270.760004427729,1130.67217299619
"Pdzd7",0.275335348103533,0.294009144893147,2,26.4457477454948,0.436903451052533
"Pdzd8",0.647183138975894,0.442388447120607,5,1126.54184586108,698.412954797092
"Peli3",0.00738217603371029,0.014147039610026,1,75.1955217565514,4.53818499263883
"Pfdn1",0.44004470769854,0.490745755342975,6,1379.03690702848,939.676961731156
"Pgam1",0.351425793604522,0.122511266294863,2,5208.56980687489,3420.04532555081
"Pggt1b",0.484630739142109,0.405627173691953,2,573.011441033696,273.246779750623
"Pgm5",0.417553864618504,0.412941059870534,14,101.347787939641,3.91858058924985
"Phax",0.0350412511157663,0.0376145810704229,3,1424.26545396584,571.390387708827
"Pi4k2a",0.423125304034509,0.35400011768148,2,883.920960769169,570.959739492374
"Pias2",0.512439558729383,0.522588151391333,25,2280.21427384998,819.298760001251
"Piezo2",0.432844802091581,0.403842393774018,15,1040.66486788348,33.7046120669615
"Pik3ap1",0.531478659435217,0.354065785900372,12,71.8839568615327,775.533310345735
"Pik3c3",0.395453644694551,0.442484617119507,18,735.311520745037,617.488157424548
"Pip5k1b",0.380414281764673,0.424018534804904,17,72.5164603874286,487.33296146535
"Pitpnm1",0.28438157716949,0.237634908438663,2,391.563285697697,216.80972175485
"Pitx3",0.0803844312238559,0.126446630798394,4,3.80789331272149,4.07497566843796
"Pkd2l2",0.516603973092146,0.483592827299655,14,54.3766904929211,205.018241570817
"Plaat3",0.433021942299639,0.271779780720102,5,153.371012556478,1033.5917587131
"Plaat5",0.526580809489504,0.321560046696946,3,0.8158601220771,0
"Plcb3",0.0086297871163693,0.0104560936438155,2,1456.11636008615,386.763022693858
"Plce1",0.406692786264364,0.458978274182848,10,231.04356425562,55.7324223842514
"Plekhs1",0.464559337961386,0.29393433764402,8,22.7710522462716,0.12280184754299
"Plgrkt",0.0446987441473036,0.0393859928126418,2,428.37731775435,385.885583544109
"Plpp6",0.0269038720171935,0.0427810988480276,2,289.349346495048,142.16221240863
"Pmaip1",0.298123944191205,0.196824013955358,12,64.4793189470467,90.6548579738168
"Pnliprp2",0.30317671927692,0.323801856321193,2,4.9632008752569,102.192895870683
"Pola2",0.478681839137977,0.540578277023916,12,1641.10994239196,2535.58969179798
"Pold4",0.130450644477847,0.204016137623699,4,210.514460907343,205.81403902708
"Poli",0.444609380137486,0.419520854218935,16,236.160631265859,245.287721202338
"Poll",0.162468600164187,0.223562110778353,4,441.92384353938,227.577991018324
"Polr2d",0.0300541111182337,0.0223952678925624,1,1830.51739390353,841.905284903402
"Polr2g",0.0131955668152052,0.00769275219101718,1,1593.93405902176,1062.52306206719
"Ppargc1b",0.435111080466151,0.482217351934508,17,327.121494003267,95.1555249916477
"Ppic",0.00604140448643824,0.00961933176094725,1,3520.87953746775,631.849163260689
"Ppp1ca",0.0272274914704976,0.030345034303551,1,13347.1968476343,11137.2914857211
"Ppp1r14b",0.00340871135708092,0.0053491245067332,1,1385.5973804006,833.644800637153
"Ppp1r2-ps3",0.449261470742632,0.53070158352448,7,7.54295752057561,3.53529057984531
"Ppp1r32",0.255083853695946,0.349313584606281,2,0.771063068095412,1.74702091821725
"Ppp1r3c",0.430695847489434,0.314714485186825,2,425.947764860338,153.819542721278
"Ppp2r2b",0.439159860362928,0.476920261852762,30,100.323828639918,23.824875292571
"Ppp2r5b",0.0151055161819382,0.0207474221419267,1,533.790511848754,149.290094255699
"Ppp6r3",0.626515741594758,0.523418917402555,18,2353.37731218919,1927.70874483547
"Pprc1",0.463346391934492,0.157562670582811,2,1451.10272118122,1268.05577963356
"Prdm6",0.257420728080193,0.43603263283674,10,31.7726280467747,11.6598303961882
"Prdx3",0.344392388858726,0.0500465416289305,2,2098.04006249995,10595.8419471529
"Prdx5",0.031287930739761,0.0244136049352943,1,2143.89817827235,1750.2060733159
"Prelid2",0.586534753469955,0.425288534616367,8,301.553293473995,255.682997959353
"Prelid3a",0.363297326912426,0.192749261628246,3,100.804239770951,6.10629332403
"Prkg1",0.495640577907175,0.381140334254412,46,135.603799109428,59.040117911139
"Prob1",0.00667355873906401,0.0202643626739859,2,87.5295915324269,54.1539430945842
"Proc",0.414147532235719,0.33899613384494,8,28.0184135951714,3978.71370677841
"Prpf19",0.508579487751315,0.582804888821284,11,1100.98154639375,515.524090093164
"Prr16",0.503680601554211,0.492663322876166,14,52.7952514086513,182.751047302463
"Prrc1",0.201441776781561,0.364570025224081,5,1616.84047890537,794.71967850162
"Prune2",0.502904425074721,0.410544240162498,14,117.631520838194,86.6254178934436
"Psat1",0.256748626087174,0.441672442029117,38,2474.62838034342,8049.4133748445
"Psd",0.11389143618804,0.0442083913712439,2,44.7689330133949,155.009648054294
"Psd2",0.0537791422992014,0.0612943271301514,24,28.3448646133828,1.42415538345784
"Psma8",0.520304476980133,0.706687808692652,1,17.1046304787014,56.0591430737143
"Psmg2",0.00359012275205505,0.00531200335782858,1,1222.20465001219,1317.26947964406
"Pstpip2",0.61111429952821,0.375090990379747,12,54.2669886879903,182.146756070368
"Ptar1",0.0125100186853349,0.0119958819355906,1,227.071724695359,93.9285115944563
"Pten",0.360903438698368,0.369337625137181,11,675.088310575863,373.003533061527
"Ptgdr2",0.326919224016188,0.174154184925564,2,1.27441658445961,1.82481804261288
"Ptpn2",0.604976886720143,0.344348805418456,12,1641.37417231551,1062.37034927273
"Ptprcap",0.809613777964014,0.191186952514299,1,7.00164119763618,281.419314918513
"Pum3",0.448925984887845,0.47225123074235,8,2159.66663205272,1409.64447294465
"Pura",0.113497110413621,0.130483576489351,3,460.866967911303,215.033217990968
"Pygm",0.145174683319353,0.19222151519377,3,483.028079996635,156.645956128159
"Pyroxd2",0.296821233019899,0.38461674823007,8,132.14769416029,166.331068083268
"R3hcc1l",0.417244401648563,0.253770522251946,4,640.042591087667,635.862698240245
"Rab11fip2",0.644531805164744,0.460378915168755,17,350.69584551094,71.666962549317
"Rab18",0.696355668665421,0.659570826156611,18,3348.41461144738,3214.33984798605
"Rab1b",0.0479188771032004,0.0398147804030907,1,5377.90667553471,3113.9793533437
"Rab27b",0.675561623295386,0.308202979637078,26,115.417717951859,502.331129654719
"Rab3il1",0.399303014517692,0.291108677669551,7,561.642360870728,6178.3646582705
"Rad9a",0.0180244865317107,0.0368253585091949,2,734.548825994682,603.023947279381
"Ranbp6",0.420595914680442,0.488447487350423,7,782.900530803596,507.457750479119
"Rasgrp2",0.0184779768869653,0.010796199280381,2,455.370458054891,1058.42419388396
"Rbbp8",0.544503229527228,0.418638747154522,38,985.646561742043,1005.25491612869
"Rbfa",0.37904605803166,0.306199376367903,2,726.195456605246,1051.90078758912
"Rbm14",0.479381522076706,0.472384660892487,3,3132.95606269845,2287.87585342972
"Rbm20",0.500675648559862,0.42489019962843,31,128.572235524055,9.03717516514177
"Rbm22",0.0246583398741511,0.0266809439306811,1,1497.9975311312,892.587159130452
"Rbm27",0.136136584088311,0.175193746021652,2,1031.52667749985,733.116513656534
"Rbm4",0.0054562647759211,0.00472797789693249,5,1028.76512805799,716.920556855917
"Rbm4b",0.451191850652995,0.396236098359364,2,993.259321963268,294.189367606464
"Rbp4",0.424229333112107,0.21705784581733,4,97.7775455827914,30430.3887709456
"Rce1",0.00521304115594773,0.00470996978304527,1,996.572464496348,613.431898078076
"Rcl1",0.584497210756184,0.597125244865845,9,1134.68829476647,2105.80156383794
"Rcor2",0.011601951027192,0.00818255559032073,1,328.103523775253,24.957473601241
"Redrum",0.446149593013515,0.441510476884294,12,11.7205614517058,2864.99807773312
"Reep2",0.0188241103630935,0.0491383664354817,4,146.873710710379,45.5458316310627
"Reep5",0.42257192674304,0.450193981664416,6,2255.314362145,2769.53312110526
"Rela",0.060427608870864,0.0470771178868324,2,1312.14147230876,1172.95605047928
"Rell2",0.0108660513232124,0.00928800778219818,1,4.24963389506656,4.06679424256831
"Rfk",0.639946167633492,0.416153499930104,5,1837.51932312432,2489.1652681826
"Rfx3",0.752864139162815,0.361782464162379,13,719.194611826795,127.78993127065
"Rhod",0.473832794228761,0.407875721077551,2,554.849589863971,171.580454181505
"Ric1",0.519145517639267,0.37544451718073,4,354.931005187723,143.036893347182
"Rin1",0.125199545453508,0.165760288040737,3,115.791050345615,12.5959867023316
"Riok3",0.248928131297178,0.386558940609465,2,1522.84119265211,3548.77305652387
"Rit2",0.446291867351525,0.489542675088801,18,9.91597487643789,0
"Rln1",0.008062106232893,0.0397107275763616,1,3.09224703663128,0.142114564212056
"Rmc1",0.559659696718628,0.448855801415217,5,520.587054890691,2045.2865733195
"Rnaseh2c",0.012826820754132,0.0125253764983222,1,904.936280530888,1306.76643561203
"Rnf125",0.510918311522112,0.440112799335328,9,157.538849264007,433.472744693026
"Rnf138",0.545607608038512,0.479456533709967,12,1120.40236570301,366.24624366177
"Rnf14",0.473155788573406,0.39219663741512,6,2028.59701028883,1913.03388857064
"Rnf165",0.34645237479705,0.409884751054055,10,104.969884711912,11.9385744038053
"Rnmt",0.00281570208911982,0.00479780172961763,2,1146.06006847967,1180.84643098435
"Rock1",0.619858455134924,0.524376116960753,6,1571.23106043103,1802.9427409436
"Rom1",0.453738427551083,0.112144160528096,2,45.5377630163553,61.9544286482094
"Rorb",0.400970178060668,0.418191025929627,7,16.5183283378404,1.50287826041331
"Rpl17",0.221332875278209,0.241405136331112,3,4015.33415725987,4527.12005678112
"Rpp30",0.167825415925224,0.0464989911911136,2,924.285584881748,825.325895761874
"Rprd1a",0.527710998792314,0.352900044042533,2,736.778202466551,274.595995436754
"Rps14",0.273510224102352,0.15264424208047,7,10430.3012127059,10014.8915526003
"Rps6ka4",0.342929164217495,0.230052162861764,5,578.811886773911,382.880674637353
"Rps6kb2",0.0735265362832885,0.069741817375639,1,662.776758935252,628.462036326013
"Rrp12",0.365663755323296,0.255418148768884,2,677.415139611277,642.494956479639
"Rtn3",0.529538239363613,0.583873711423842,25,4128.36460002043,3424.22915654292
"Rttn",0.773042497059653,0.599090135165273,6,308.992209544314,211.028750662696
"Sac3d1",0.00778632120649097,0.00838664739267221,1,810.593191854742,675.900801509891
"Sall3",0.558310075542513,0.533648190216714,26,213.838762429065,0.24560369508598
"Sap130",0.684802177902129,0.542581837585631,5,994.13141845068,455.046960181758
"Sart1",0.0385083940258468,0.00741603671123404,1,1614.82106922149,1188.06931731327
"Scd1",0.427896951010578,0.257482735564951,8,217.869516104717,1347.4346421098
"Scd2",0.146157504001932,0.205767050992977,6,9778.02473821171,11055.7928652391
"Scd3",0.0935014082732045,0.0656546632340126,3,5.58388369769822,0.165565309992702
"Scd4",0.395959770558359,0.438037150263303,2,2.00796105622645,2.54253457888477
"Scyl1",0.0199883028275752,0.0218393470543974,1,1688.94564529775,989.327552511028
"Sdhaf2",0.355135560436641,0.292403212692137,4,972.372802905854,850.420121552157
"Sec11c",0.0105779532117299,0.00439969398140769,1,281.679270061945,993.651010196249
"Sec31b",0.324879485299888,0.42504735865721,5,41.7878869505681,19.3360567602024
"Seh1l",0.260599750014126,0.246034727018155,6,3507.17515350064,3270.88125063762
"Sema4g",0.247906004675665,0.268701913435857,2,196.554549460872,261.805411810258
"Sema6a",0.378695063174667,0.376313258571752,17,1164.68951232661,169.019798612155
"Setbp1",0.381772816585946,0.461064128503282,24,392.208117700705,14.4275898749614
"Sf1",0.298305711677403,0.264965966991799,6,4253.20519433555,3490.69416529857
"Sf3b2",0.0044162151344957,0.00287607087679494,1,7959.63500237819,4736.63055134177
"Sfr1",0.00703806700200592,0.00671456289933047,1,4686.38718065054,2227.23539480674
"Sfrp5",0.0090298364075538,0.0230191376082899,1,23.8863394980767,1.67367488473513
"Sft2d3",0.00627673287340807,0.00535857475787931,1,332.820878129918,179.538718262355
"Sfxn2",0.254658253299668,0.292132910197732,2,741.232034441165,1240.03769610006
"Sfxn3",0.0426373836754222,0.0483274420520602,12,538.159940466399,137.772569119415
"Sfxn4",0.592386363593769,0.410843122586081,3,142.120408132204,25.9373974007789
"Sgms1",0.592601900444676,0.452719147354967,95,1127.3371851902,828.395812909452
"Sh3pxd2a",0.416048323588715,0.454330239440188,60,623.049452630954,97.8249581513601
"Sh3rf2",0.308760455985259,0.417323410735267,10,6.14805507989596,0.530724473994364
"Sh3tc2",0.627059702332197,0.472256629661598,18,227.549185824643,446.677265604824
"Shoc2",0.700084062492764,0.357612416041252,10,1640.64882131978,1250.92103509016
"Shtn1",0.480238221250397,0.237480462022591,6,79.0943714371122,44.5087690895767
"Siglec15",0.30152230426811,0.182503401003516,3,0.747263744347322,0.559705298595523
"Sil1",0.466622863148309,0.551464541618818,10,730.917520581821,819.214410829834
"Sipa1",0.0525480534019624,0.399613517305201,10,921.794311830932,1381.60884028465
"Ska1",0.393127961321079,0.342065971238781,6,566.707390108929,976.334700848869
"Slc12a2",0.397199391673098,0.4251424859732,8,1231.95075215398,73.8529922967383
"Slc14a1",0.184103074223824,0.170202806934317,8,17.0583392523389,2588.05927685623
"Slc14a2",0.506179294264314,0.49162547576558,62,51.9520942523021,4.14212714692041
"Slc15a3",0.500715867062067,0.332763999413673,3,9.38294351826097,62.985561961012
"Slc16a12",0.559181084715774,0.42434594379759,10,356.886344471974,933.342998830502
"Slc18a2",0.45919241321337,0.271481613762446,2,337.660259762668,190.528814240745
"Slc1a1",0.409897046507625,0.476418596448309,4,86.9029663835794,1.89235632148476
"Slc22a12",0.570506563507246,0.373583837498377,8,183.520385115286,0
"Slc22a20",0.79663849466583,0.215665473029842,1,0,1.3834118592667
"Slc22a27",0.720746137657902,0.543125693750694,2,9.5004996709904,5.91158516574294
"Slc22a28",0.662449160211318,0.387035810419525,2,22.7477502515225,0
"Slc22a29",0.395552086765439,0.293844018895706,3,6.40519571931632,4.00800493115824
"Slc22a30",0.292429496130055,0.467692883300933,1,24.1204587830369,0.312714997240501
"Slc22a6",0.264250231998394,0.602198582864596,1,542.393418325858,0.36840554262897
"Slc22a8",0.594873753340382,0.366526222134284,23,186.889930566837,152.873021388729
"Slc23a1",0.832604433966535,0.447940104045878,2,179.020667749294,227.532616088215
"Slc25a28",0.335249772306504,0.363580832485369,4,163.726682210832,115.426255230564
"Slc25a45",0.54228093854318,0.444990649115291,2,122.715200082662,234.449276314692
"Slc25a46",0.400230682899452,0.242618299731844,2,1707.54257870444,1367.14791792184
"Slc26a2",0.333468473830493,0.441092075936167,2,458.247823470533,221.454887096508
"Slc27a6",0.397086569956172,0.53335890697828,16,264.256011687249,7.25054875708735
"Slc29a2",0.214801850093997,0.19721168438409,3,137.462498775884,42.0059635484653
"Slc35a4",0.00294603554232214,0.00451501981971678,2,3589.09048184791,3007.9153187147
"Slc35g1",0.46127209044745,0.426453567828133,6,224.21362358512,260.910090600428
"Slc39a6",0.439939813415219,0.353114642036768,3,1784.92811244649,240.556053994147
"Slc3a2",0.482118223018904,0.320752054716661,8,1979.48823483702,3400.70041749894
"Slc4a9",0.37379965869744,0.326801342667865,25,92.8574992765995,19.7760928307993
"Slc66a2",0.531405773075921,0.501109705686925,36,429.601440249417,2798.40845723628
"Slf2",0.296911782832819,0.362327852930883,8,2467.2005585905,1288.76023238198
"Slit1",0.335912521458514,0.370057869536434,17,288.887247092108,2.55555075095421
"Slk",0.426266243554853,0.1894808089913,4,909.834817219532,922.354493701645
"Smad2",0.368099449034738,0.3997362452227,25,1535.86749018107,848.528146870977
"Smad4",0.409379741512181,0.333109790828451,5,1097.6688312533,193.764365852991
"Smad7",0.146091397865047,0.304151864739162,13,366.341734200214,63.6628239465848
"Smarca2",0.452699282386695,0.407499908473903,15,1169.24211194904,201.41752830953
"Smc3",0.361541984309066,0.530876741707834,8,3930.35361336007,3016.87210071433
"Smc5",0.577120179260483,0.338907171878124,7,1453.43883129429,918.723309970353
"Smim3",0.413986629263525,0.417783605482448,8,694.836449124297,821.803109594802
"Smndc1",0.360190505362189,0.34705207538542,4,847.362805289665,610.163748634357
"Sncaip",0.407953532501285,0.454072337178482,72,1864.80802248489,43.8001318892363
"Snhg1",0.00344989095078435,0.00529462123636695,1,375.061618429381,406.218963474099
"Snhg4",0.287601269396356,0.260415724459907,4,311.037010089237,403.064156321678
"Snrpd1",0.00446224724979787,0.00637438766123099,1,2844.78364428252,2219.82154486092
"Snx15",0.00512169206797169,0.00515547055193901,1,492.475235417335,1471.02007115081
"Snx2",0.396510136815342,0.405178840832471,6,2209.79235011834,2328.24732722124
"Snx24",0.474639681325115,0.49255857916737,11,589.344786615947,308.595922951204
"Snx32",0.334256392580821,0.366318529739038,3,105.775951038165,176.04290946553
"Socs6",0.542036295762097,0.460692649956803,24,1219.0801581674,529.914169234419
"Sorbs1",0.526290196360977,0.482058260442956,79,1020.55609390286,1483.39643139698
"Sorcs1",0.406074832175039,0.418282007120529,66,171.373312693383,24.700285981484
"Sorcs3",0.4284883738502,0.443245363056413,29,59.6372009070787,5.62781422289025
"Spata24",0.162977591812685,0.188471658017343,3,190.920360714935,193.863054670904
"Spindoc",0.469718342779655,0.38881721036811,4,708.727293171488,118.837596089795
"Spink1",0.323354017036785,0.248057305126053,3,232.73696232713,1631.75947496852
"Spink10",0.227609724633256,0.441392161957556,3,11.788448409346,1.72226719049674
"Spink12",0.492604712825301,0.558839317604531,1,4.35256243566877,0
"Spire1",0.754976126605798,0.713975421678203,11,629.578432143821,2068.39127435121
"Spry4",0.339869853345152,0.276279240082193,17,586.452745503029,107.082709011654
"Sptbn2",0.0854647963328395,0.16032576702726,3,230.56907262201,12.3882593124818
"Sra1",0.0253071392475727,0.0178083434350709,3,1102.65035462678,1110.58784713506
"Srfbp1",0.446575761975148,0.408454028932205,5,662.828537206424,352.171213022341
"Srp19",0.00484974469137365,0.0054813316594145,1,1594.67779548742,1857.6376278174
"Ss18",0.447177480377896,0.39998847041385,28,2776.08296141399,878.386176997442
"Ssh3",0.167742814220959,0.175472262948681,3,277.76946439324,76.0513514063855
"St8sia3",0.00909284019669195,0.0264378661902426,1,6.09709644201237,137.78787505617
"St8sia5",0.0168548171731395,0.0239262571402438,2,7.80466167038998,1.75449235334849
"Stambpl1",0.551634987175962,0.5351865362838,7,100.159050587533,135.118210352652
"Stard4",0.375823761976486,0.367241717559531,6,1089.82111931641,1700.44578869228
"Stard6",0.324715535552907,0.297416182295112,8,14.8237895100334,7.4582335643932
"Sting1",0.121890225852612,0.0895436056601491,6,333.497604542737,175.172092060435
"Stip1",0.42152819327031,0.32587696126119,3,5998.6825504252,4850.95486191624
"Stk32a",0.453886196781968,0.452560534801078,9,40.2621379276406,22.7226304397694
"Stn1",0.482944936180908,0.211186876702772,5,816.323581611318,238.204531288017
"Stx3",0.469006835139064,0.464242927623021,35,566.11791392886,103.361158214411
"Stx5a",0.0995980140913501,0.126949182979367,2,1832.15859362983,1405.64505663867
"Stxbp3-ps",0.723489189342317,0.70005768915877,2,3.21008740669948,9.98105931550744
"Sufu",0.252932277613795,0.371020454646702,24,1759.61599944739,429.164731496746
"Svil",0.528859150920915,0.556766855147293,22,1167.70686336218,628.632250944983
"Synpo",0.166717338117134,0.274754342883246,10,647.301108336244,83.0486102182929
"Syt12",0.443853317343102,0.323641082359872,5,81.2212476774671,9.65744041954573
"Syt4",0.101120248128764,0.0515190391333641,2,77.5820196131479,3.78178592541556
"Syt7",0.278410254095014,0.280875797705573,36,109.611483131264,9.24630310130022
"Syvn1",0.00512212676371047,0.00409606994086846,2,959.428547503348,764.823493341331
"Taf4b",0.619957797362109,0.569920875659522,11,220.823171572695,106.105423973703
"Taf5",0.00900996301582859,0.00769426598213697,1,279.83088428459,316.692980892547
"Taf6l",0.011700875382683,0.00989870288150402,4,520.521637582782,420.274677354696
"Taf7",0.0523900915053411,0.039276171582772,1,691.087348086443,641.486070794655
"Tbc1d10c",0.489434811873078,0.194617149635568,1,37.7998797032961,128.08538841587
"Tbc1d12",0.542992273594361,0.554836877607241,3,125.198436852006,119.411303152863
"Tcerg1",0.249112864561537,0.317423545552796,12,2518.4450353923,1661.82416636357
"Tcf4",0.430181570713015,0.441118575108435,75,2857.99503857988,369.084285947837
"Tcf7l2",0.485226780865622,0.460147487029996,259,1705.08466047924,1183.85260014578
"Tcirg1",0.127253289392502,0.291540214721329,5,655.351838138562,820.008655773477
"Tcof1",0.524815767958942,0.472073698641204,6,2284.8529029869,1027.22043221395
"Tctn3",0.00826707246445927,0.00997454906660921,1,255.609992549387,87.7939262694573
"Tdrd1",0.508798831926942,0.53176507235556,12,38.9952810990601,3.30331146726571
"Tectb",0.743616296517895,0.568349385299361,5,0,9.68157926634968
"Tesmin",0.492056189521345,0.267160594382958,11,11.0030636637457,12.2098205884614
"Thoc1",0.0208733154432767,0.0142580123805631,1,1584.38506001396,1022.27829788959
"Ticam2",0.145456892995704,0.136177741991923,2,37.7109787712153,66.3242373132433
"Tigd3",0.0230499469051081,0.0381451131041999,1,87.1832893321841,76.1733473073279
"Timm21",0.0075020848394252,0.0135942233818392,1,1069.15188213033,801.074974163516
"Tjp2",0.247564075118576,0.330688596184382,16,1318.4837092248,413.428014819735
"Tkfc",0.485569758023288,0.40832101794809,2,609.087565505411,965.067034824079
"Tle4",0.296481940515744,0.34955458658302,55,705.238541016541,408.229153913947
"Tll2",0.167165286641637,0.170939221375338,3,1.44712882090326,0.407922626451374
"Tlx1",0.24763639608778,0.146859754448427,3,1.16979255670095,0.495733251544003
"Tm7sf2",0.0295413497043852,0.0657679326301128,1,255.99500566057,1097.86557289721
"Tm9sf3",0.220275316742117,0.327214258340309,2,4760.69850988186,3610.11799285416
"Tmco6",0.0215779617111386,0.0262023070568791,1,209.847401360033,270.732986771969
"Tmed7",0.482828728346758,0.449459581539438,2,3507.55104569329,3088.16818422295
"Tmem109",0.00858793811362718,0.0178020604043768,1,2109.08800369229,794.76773574356
"Tmem132a",0.00583824581074906,0.0169083881774941,1,2878.43432131343,167.092506296542
"Tmem134",0.45607521349759,0.180612949477061,4,1089.92805858466,1368.9796487678
"Tmem138",0.0151179444369826,0.0125900519545965,3,762.511360064993,321.186445879254
"Tmem179b",0.354556520230593,0.112588406950401,6,609.011631023158,1381.31596002536
"Tmem216",0.00781039614225353,0.0127862939799454,3,512.966941294275,238.83578483082
"Tmem223",0.13983681654866,0.0864957234505957,1,1398.5434455136,723.654101370925
"Tmem241",0.450286086191624,0.406830353929945,40,342.283067399182,150.35050875837
"Tmem252",0.460313158534983,0.478021387187684,5,200.055940227646,8.78872840953906
"Tmem258",0.00820839480556562,0.00661285960278805,1,2308.13465206247,2837.65266907933
"Tmx3",0.542733949919266,0.479200335683013,5,1827.25949177247,828.456188007809
"Tnfaip8",0.489539915865019,0.404316881621522,42,738.818950074341,818.710231686044
"Tnks2",0.329617749392673,0.386731901465564,11,3576.33154860608,1942.31275358289
"Tpgs2",0.00547768682111585,0.00507005402863999,2,1054.38142917244,277.250133713451
"Trappc8",0.526383120005394,0.459326122487187,7,729.296051323027,641.765042784932
"Trim36",0.292991942190331,0.263077309650004,7,69.3948792594541,26.138178405396
"Trim8",0.00762820084304375,0.015360625798611,5,1056.44174694154,668.946040400319
"Trmt112",0.031287930739761,0.0244136049352943,2,1271.40630769968,1027.39247329715
"Trpm3",0.425166187149056,0.471586830821785,161,113.062980969501,2.70219117653831
"Trpm6",0.398842123802842,0.494126841663017,10,30.7374367632303,1.49835239904126
"Trpt1",0.00814143991364386,0.00758648804290251,2,119.467916661409,38.2322603790667
"Trub1",0.516651019557183,0.609915027735272,12,857.028192581857,397.741321655066
"Tshz1",0.371295105728813,0.544362156507794,18,728.25028990987,212.931310418259
"Tslp",0.0383776016396425,0.0545447538504495,2,44.6437111893147,3.65898407787257
"Ttc39c",0.522104137084407,0.403440100199582,7,150.297821517191,184.13424216697
"Ttc9c",0.00377314946153688,0.00367083958389162,1,1203.1396079769,1007.22391752502
"Ttr",0.588833877162033,0.545771541589733,6,78.7915476132671,24887.2445772702
"Tubb6",0.0843023653600701,0.263454844243536,2,2850.16943959248,1521.32662642156
"Tut1",0.0768231463002598,0.0290111231594784,1,811.774244627538,651.206572625143
"Twnk",0.00584169375940147,0.00428681931825885,1,886.824936668871,519.599973730823
"Txnl1",0.496731838817102,0.485922585215507,8,3671.64247443308,5168.66973437753
"Txnl4a",0.299316354146601,0.282091833043079,7,5550.01544977952,5303.37278143094
"Ube2d2a",0.32971445011651,0.332008242442172,3,4202.71795668407,2585.94407942832
"Ubtd1",0.426548211285706,0.458904372670015,10,444.425539694251,113.588942694988
"Ubxn1",0.0587961407448381,0.0334195365539637,1,2196.43493101992,1916.19449568391
"Uhrf2",0.59707781054166,0.505094778000056,3,1714.22918344182,1405.35453597892
"Unc93b1",0.187436633904491,0.131446907826641,6,282.663498932375,998.986996039015
"Uqcc3",0.00720054803214303,0.00518313048180115,1,542.817188180529,460.949985916287
"Usp14",0.408758231289515,0.173497306943146,4,3483.78975264943,4571.46558165697
"Vaultrc5",0.0109737514871373,0.00638464880509068,1,2.66860366709166,7.06162518808222
"Vegfb",0.0550619201953798,0.0344217324644128,2,476.324386692626,284.598340704319
"Vldlr",0.297644928881665,0.337743992293554,8,1167.01734528828,113.010115950184
"Vps13a",0.561773330868914,0.412093343527147,7,351.751670936413,482.042647148292
"Vps37c",0.418365700549758,0.194876383368249,6,715.416277503167,512.055734840797
"Vps51",0.104263755629219,0.119230507597052,2,1153.54223438806,672.817340268322
"Vti1a",0.498583194149863,0.590656735659973,84,543.506147485219,520.287364938462
"Vwa2",0.308868344427364,0.41628878255573,4,658.433621251804,0.486956794096182
"Vwce",0.450900029529197,0.279443545390768,5,64.1060177335797,566.213773973196
"Wac",0.611742425912621,0.521353915584232,48,2395.81861565234,1967.89678301017
"Wbp1l",0.393655430157897,0.515296052649182,19,1728.33589638804,1377.91353038447
"Wdr33",0.31699720431361,0.356410544559415,7,2677.1418134509,1617.52400075191
"Wdr36",0.11124800396207,0.108521621957149,3,1678.70809595279,1287.18393204417
"Wdr55",0.0609295888530535,0.0430490156070984,1,559.646017330461,1346.12125047314
"Wdr7",0.402715070137545,0.393968695824616,11,544.661788850747,730.786653136826
"Wdr74",0.00885277439949632,0.00805686495325352,1,994.047049310331,1101.59183388911
"Wnt8b",0.238295785891355,0.383998387571917,9,72.5239303208986,0.12280184754299
"Xpnpep1",0.573504378130019,0.560002854218048,12,2899.07403942652,3524.80818962399
"Yif1a",0.00283695204500148,0.00642378112840772,1,1181.51708568954,1236.35293065576
"Yipf5",0.196665418823519,0.164029184323316,3,2015.41968929445,1263.00320792493
"Ythdc2",0.0401154885900919,0.059057465370296,3,265.585182531716,309.199400295569
"Zadh2",0.265721096974811,0.29383033485662,4,646.902442015635,466.802300160449
"Zbtb3",0.014782700006316,0.0156522906467006,2,103.463533208468,53.5645850631016
"Zbtb7c",0.386393544017563,0.403747703887731,30,529.242842426832,21.8934133635445
"Zdhhc16",0.00241147885893141,0.00388550033599888,1,1177.94101422745,949.42924086819
"Zdhhc24",0.452454734840393,0.318317121284996,6,244.382452811938,392.173747092191
"Zdhhc6",0.00378906012750352,0.00418235176493465,2,1891.56680119917,2041.64455110918
"Zeb1",0.616611053130669,0.407416543716904,15,947.642840588675,329.484170184468
"Zfand5",0.527941875592039,0.479770222903566,4,2391.4659008052,1422.57802269373
"Zfp236",0.703963673267231,0.46723241446043,12,515.838409235216,292.726367024738
"Zfp24",0.44036884477409,0.318976981194593,4,2116.11010274378,915.085823915769
"Zfp35",0.588903708992723,0.415800671124893,5,787.525363136692,541.108348219542
"Zfp397",0.0128804352089175,0.0314123557587014,2,1563.14799908971,568.054632214453
"Zfp407",0.573664739799407,0.606144510055621,28,536.304224563097,303.710643576237
"Zfp438",0.485702983991289,0.470188320178629,17,123.716565473547,71.0799470606069
"Zfp516",0.428634602427754,0.423445066273161,44,1172.80748181729,175.542560237551
"Zfp518a",0.0345709234615394,0.0332668400533602,1,805.093506043655,392.823283620987
"Zfp521",0.484835629605714,0.44672793905413,28,783.069443710827,50.6725158876168
"Zfp532",0.551757319641486,0.46021408128451,9,1236.68239112862,107.666526114986
"Zfp608",0.330272447355692,0.391743634215728,59,630.648242340376,85.846227958936
"Zfp91",0.478373169438193,0.441037067558249,2,830.914073180119,585.466978769849
"Zfp950",0.303567849405787,0.251336967566635,23,808.735858669858,288.046072956487
"Zfpl1",0.0128000920668643,0.00839766026699192,1,909.516245633708,455.768151547828
"Zfyve27",0.399852061973823,0.308870489334136,8,579.916887253498,387.46129134753
"Zmat2",0.00942079291751326,0.00642475475653682,1,1321.2707439814,991.707022043307
"Znhit2",0.00609714761096162,0.00446134574939811,1,486.387145701094,479.161358364338
"Znrd2",0.00812456930683884,0.01037186909086,1,975.657892175484,602.163803111309
"Zp1",0.190946530508714,0.546745017896334,1,0.690576194252621,0.142114564212056
