motifName	meanDeviationZgrp1_kidney	meanDeviationZgrp2_liver	zDiff	pvalue	padj	negLog10padj	cRank	cRank_rerank
MA0004.1_Arnt	2.4192138276695	-2.45784205659877	4.87705588426827	3.42154361478235e-05	9.61686287844166e-05	4.0169665762759	206	150
MA0006.1_Ahr::Arnt	2.67038316856279	-2.52757857233052	5.19796174089331	6.17431860140185e-08	2.53666280433087e-06	5.59573725920759	166	114
MA0019.1_Ddit3::Cebpa	1.55104882313252	-1.61375574537018	3.1648045685027	0.000186592964056817	0.000363762041040057	3.4391826220041	308	262
MA0025.1_NFIL3	0.0103818520373978	-0.136974815893877	0.147356667931275	0.666454626619902	0.678167361709882	0.168663115428448	571	569
MA0029.1_Mecom	-0.4418785352736	0.319999503427163	-0.761878038700762	0.0333293290239565	0.0376907841892008	1.42376482658596	530	520
MA0030.1_FOXF2	1.18321519092661	-1.08072409402695	2.26393928495356	0.00135383776211958	0.00198448623865124	2.70235190834591	395	362
MA0031.1_FOXD1	0.949431744786603	-0.833946253957931	1.78337799874453	0.00545959333652361	0.00690197498219906	2.16102661924224	457	434
MA0038.1_Gfi1	4.62376454013211	-4.27364572979511	8.89741026992723	1.43767710549608e-06	1.15613200566976e-05	4.93699257589738	72	35
MA0040.1_Foxq1	1.68126057125	-1.4319830590489	3.1132436302989	0.00114357793122536	0.00171982239527138	2.76451640003209	385	346
MA0041.1_Foxd3	2.75202203462481	-2.53802896593827	5.29005100056308	2.21027611676001e-05	6.88037565378519e-05	4.16238784956794	186	130
MA0051.1_IRF2	3.79164186704137	-3.5455085169436	7.33715038398497	8.18921862144223e-07	8.23451588559871e-06	5.08436192829669	65	26
MA0056.1_MZF1	3.00351013838237	-2.9240217027135	5.92753184109587	6.22101408125963e-07	7.06268069225358e-06	5.15103042800156	128	75
MA0057.1_MZF1(var.2)	3.58879720767359	-3.63690997639648	7.22570718407008	4.81393350124852e-07	6.19392777160643e-06	5.2080338633279	68	30
MA0059.1_MAX::MYC	1.38492979233515	-1.58886369081088	2.97379348314603	0.00351400753231844	0.00461957004764522	2.33539844319374	440	413
MA0063.1_Nkx2-5	2.97074366600725	-2.82095000554729	5.79169367155455	4.21936181688393e-05	0.00011206470146678	3.95053116146645	218	163
MA0066.1_PPARG	1.32715974355039	-1.15158297989401	2.47874272344441	0.000872605485746909	0.00135090528408412	2.8693750995654	374	332
MA0067.1_Pax2	0.351580611969099	-0.391363593342083	0.742944205311181	0.0356516154322375	0.0401600882009056	1.39620534205017	532	523
MA0069.1_Pax6	2.71481596721487	-2.62998860764745	5.34480457486232	6.23757118039348e-05	0.000151745954346547	3.81888287869351	238	180
MA0070.1_PBX1	2.46034245085735	-2.11500582770161	4.57534827855896	2.09906520874656e-07	3.7542757991722e-06	5.42547382610495	208	153
MA0071.1_RORA	1.07080476166129	-0.975136743509214	2.0459415051705	0.000379628222411876	0.000666254245994316	3.1763600102265	403	369
MA0072.1_RORA(var.2)	1.39371044729372	-1.22770479811277	2.62141524540649	0.000295745633938081	0.000536792232132128	3.27019377742655	350	311
MA0073.1_RREB1	2.72631493285655	-2.46340637821028	5.18972131106683	1.57229651884033e-05	5.23275225347531e-05	4.28126982660098	173	118
MA0074.1_RXRA::VDR	1.35383057986859	-1.31484025930221	2.6686708391708	3.79398458086754e-06	2.17941739796878e-05	4.66165958651607	349	309
MA0077.1_SOX9	1.41405320314314	-1.35477274975588	2.76882595289902	1.38846845762262e-05	4.98445705484224e-05	4.30238214145022	341	296
MA0078.1_Sox17	1.70519130762939	-1.52587109495045	3.23106240257984	0.00011977116560036	0.000254020164405158	3.59513180722927	301	255
MA0081.1_SPIB	2.97813005276735	-2.80755162160474	5.78568167437209	9.79835042338208e-08	2.83662244756911e-06	5.54719846464439	137	81
MA0084.1_SRY	1.16040534948197	-1.11444405736219	2.27484940684415	0.000378951989712883	0.000666254245994316	3.1763600102265	385	346
MA0087.1_Sox5	2.27498605050176	-2.21527183925222	4.49025788975398	4.21292871477342e-05	0.00011206470146678	3.95053116146645	217	162
MA0089.1_MAFG::NFE2L1	0.0662477442878349	0.0550817847365862	0.0111659595512488	0.998929502022254	0.998929502022254	0.00046516038569529	579	579
MA0091.1_TAL1::TCF3	2.47216640084678	-2.33976820950662	4.8119346103534	2.76357718000373e-06	1.81830816729791e-05	4.74033251054468	194	139
MA0092.1_Hand1::Tcf3	1.59422643214598	-1.50327627297737	3.09750270512336	4.38857497598179e-06	2.37475225335837e-05	4.62438169155979	312	264
MA0101.1_REL	1.65987217124207	-1.55604558265872	3.21591775390079	0.000233272872301092	0.000438522704747833	3.35800791588648	308	262
MA0107.1_RELA	1.08853372206107	-1.00182996410625	2.09036368616732	7.10266092615094e-05	0.000166287473366837	3.77914046546818	398	366
MA0108.2_TBP	2.27576271507075	-2.0269579515992	4.30272066666995	9.53091770974155e-05	0.000214723788091064	3.66811983975377	257	202
MA0109.1_HLTF	-0.713553436552841	0.588483994181595	-1.30203743073444	0.00243117071421535	0.00333565839699215	2.47681843162471	486	466
MA0111.1_Spz1	0.0581849571174234	-0.0749229329224392	0.133107890039863	0.676270797674898	0.686948757638186	0.163075657561955	573	572
MA0115.1_NR1H2::RXRA	-0.132858368599706	0.231078573611377	-0.363936942211083	0.474149884401777	0.488492496563397	0.311142102827786	562	559
MA0116.1_Znf423	0.0281939202095855	0.0711781757381874	-0.0429842555286019	0.859840288844791	0.864318623682524	0.0633261290508172	576	575
MA0119.1_NFIC::TLX1	2.23121644771925	-1.97222320161262	4.20343964933186	0.000178688830594364	0.000351907594946044	3.45357136002595	294	248
MA0125.1_Nobox	2.17726445206927	-2.02816721737305	4.20543166944231	7.11577443103373e-06	3.14506366073933e-05	4.5023705593672	233	173
MA0130.1_ZNF354C	1.20539716521131	-0.967913833989049	2.17331099920036	0.00019143182340964	0.000371943039443563	3.4295235642833	393	359
MA0135.1_Lhx3	3.80221016480614	-3.48406092420512	7.28627108901126	2.93231767308363e-07	4.60731729031458e-06	5.33655187832951	66	28
MA0139.1_CTCF	1.77113704839383	-1.42734425537361	3.19848130376744	0.0234439922238946	0.0272571716819979	1.56451921037321	498	482
MA0142.1_Pou5f1::Sox2	3.20276863599538	-3.05443074591788	6.25719938191326	2.85584452322512e-06	1.85090650540064e-05	4.73261551815368	111	63
MA0149.1_EWSR1-FLI1	3.86592433128742	-3.73987671851757	7.605801049805	5.14641541584449e-07	6.47777070820426e-06	5.18857442865125	54	19
MA0062.2_Gabpa	0.919572562630718	-0.950406848742116	1.86997941137283	0.00794695006493852	0.00976918065307729	2.01014185928727	471	450
MA0138.2_REST	1.71717275907615	-1.55344710767301	3.27061986674916	0.000530324152066734	0.00088744995389202	3.05185612882089	346	304
MA0002.2_RUNX1	0.834519108854157	-0.809107147172051	1.64362625602621	1.60901931587301e-06	1.22581866301378e-05	4.91157377082679	455	432
MA0047.2_Foxa2	2.61268670433216	-2.25135194306304	4.8640386473952	0.000193450313390969	0.00037335910484457	3.42787325337405	300	254
MA0065.2_Pparg::Rxra	2.24478552551237	-1.88162522888334	4.12641075439571	0.00375189861916685	0.00489267860472433	2.31045331168316	444	419
MA0151.1_Arid3a	4.35302262317307	-4.0775336410056	8.43055626417867	7.44788733568648e-08	2.53666280433087e-06	5.59573725920759	32	12
MA0152.1_NFATC2	3.57311738558928	-3.30815557676814	6.88127296235742	5.57676260887024e-07	6.63132279651631e-06	5.17839983118409	81	40
MA0155.1_INSM1	3.00213258713142	-2.97197633996559	5.97410892709701	7.37225714328886e-05	0.00017074147543857	3.76766097000313	250	196
MA0158.1_HOXA5	2.64114312653059	-2.43415815593098	5.07530128246157	2.68590895963591e-07	4.44326082179769e-06	5.35229819269142	173	118
MA0159.1_RARA::RXRA	2.41045880508694	-2.20516803743205	4.61562684251899	3.20485875260718e-06	1.95327707132585e-05	4.70923614789848	205	149
MA0160.1_NR4A2	1.52706820528202	-1.45708058080656	2.98414878608858	0.000141662534551789	0.000286792333935265	3.54243246170057	317	271
MA0163.1_PLAG1	2.23790856265661	-2.15067536931332	4.38858393196993	6.47950244380513e-05	0.000156208533973323	3.80629524346588	240	184
MA0164.1_Nr2e3	2.67626962066812	-2.54600981320795	5.22227943387607	3.08199094016335e-06	1.91878790790815e-05	4.71697302709655	165	112
MA0259.1_ARNT::HIF1A	0.968565380811027	-0.807260863793121	1.77582624460415	0.000121785734303264	0.000255803597568215	3.59209335198779	438	409
MA0146.2_Zfx	0.771540234861708	-0.658695196914296	1.430235431776	0.00440519110936015	0.00566801256071005	2.24656919599673	473	453
MA0519.1_Stat5a::Stat5b	2.21211672437489	-2.09758406850329	4.30970079287818	0.000523988938071734	0.000879390130850823	3.05581841265432	345	302
MA0518.1_Stat4	2.20258098421377	-2.18474779489902	4.38732877911279	0.00117855747578797	0.00176673025937495	2.75282975259138	386	348
MA0517.1_STAT1::STAT2	3.17890651613485	-3.04227920859304	6.22118572472789	6.64374751832776e-05	0.000158955777401313	3.79872368260978	242	187
MA0516.1_SP2	3.08788218401201	-2.97924023717648	6.06712242118849	1.43985208713358e-05	5.07418683148469e-05	4.29463354610344	164	111
MA0515.1_Sox6	4.06736116547749	-3.69200868139347	7.75936984687096	2.63885201353185e-08	2.53666280433087e-06	5.59573725920759	48	18
MA0514.1_Sox3	4.24572722111699	-4.04540811278709	8.29113533390408	1.08512950624932e-07	2.84792546283633e-06	5.54547138143353	37	15
MA0513.1_SMAD2::SMAD3::SMAD4	0.544222950727193	-0.64779778905258	1.19202073977977	0.00675145133372796	0.0084429596592408	2.07350528579618	500	484
MA0509.1_Rfx1	2.10713359674945	-1.97980347381708	4.08693707056653	1.50698760617006e-05	5.1629930412572e-05	4.2870984602996	246	191
MA0507.1_POU2F2	5.02512320890266	-4.60448635556768	9.62960956447033	1.02161708736825e-06	9.10025067055717e-06	5.04094664467447	65	26
MA0506.1_NRF1	1.91468587136367	-1.9136085973092	3.82829446867287	2.17294679553194e-06	1.55325456125061e-05	4.80875736237407	269	220
MA0505.1_Nr5a2	-0.165017001551594	0.160712914516589	-0.325729916068183	0.556091683598896	0.571895354891227	0.242683430911451	563	561
MA0504.1_NR2C2	1.01674788265567	-1.01649036116268	2.03323824381835	0.0259857595061779	0.0299120372844473	1.5241540065186	503	488
MA0503.1_Nkx2-5(var.2)	0.143758814402091	-0.0870085510806795	0.230767365482771	0.55886100019169	0.573724324664874	0.241296736584739	564	562
MA0502.1_NFYB	2.61727760995754	-2.41136121641148	5.02863882636902	8.36302686536809e-07	8.23451588559871e-06	5.08436192829669	179	125
MA0501.1_MAF::NFE2	-0.928093412925389	0.648637560603714	-1.5767309735291	0.0451083070086781	0.0505178138453088	1.29655545177193	517	501
MA0500.1_Myog	4.72491118717387	-4.55192671232897	9.27683789950284	6.56527264632158e-06	3.04609241668726e-05	4.51625692455597	124	72
MA0499.1_Myod1	3.06832351093545	-2.84808646825892	5.91640997919437	1.44601179135574e-05	5.07418683148469e-05	4.29463354610344	165	112
MA0497.1_MEF2C	2.24675747951707	-2.03672993109704	4.28348741061411	1.40633307176923e-05	4.99550213837044e-05	4.30142085078879	226	168
MA0494.1_Nr1h3::Rxra	-0.417024524715653	0.389687560872727	-0.80671208558838	0.0317042451969452	0.0361353503327388	1.44206773043435	526	515
MA0493.1_Klf1	-0.490389562768896	0.319835915176016	-0.810225477944912	0.244137060982429	0.257009742379684	0.5900504137055	550	543
MA0492.1_JUND(var.2)	2.99218458576529	-2.73271825120465	5.72490283696994	1.09078050699103e-06	9.27348401035509e-06	5.03275707252149	140	84
MA0491.1_JUND	-1.35921844876927	1.06102139551503	-2.4202398442843	0.00709640614541383	0.00883617023267658	2.05373592584724	465	442
MA0490.1_JUNB	-0.971206036168969	0.715833107820589	-1.68703914398956	0.0199746924776785	0.0233363900853976	1.63196632426515	495	477
MA0489.1_JUN(var.2)	-0.199005198622242	-0.063064412486669	-0.135940786135573	0.783569300684027	0.790394817240508	0.102155916157306	574	573
MA0488.1_JUN	2.51985279678796	-2.33440022183495	4.85425301862292	1.9032436507419e-05	6.12210040988645e-05	4.213099551723	192	137
MA0485.1_Hoxc9	5.60457179027012	-4.99113916140713	10.5957109516772	1.06454663074807e-05	4.13672818257134e-05	4.38334301492456	149	95
MA0484.1_HNF4G	0.126902531043394	0.157170393055178	-0.0302678620117834	0.991144791340458	0.99285957471648	0.00311217168420316	578	577
MA0483.1_Gfi1b	4.38405544136923	-4.03577925138078	8.41983469275001	8.20238615205249e-07	8.23451588559871e-06	5.08436192829669	57	21
MA0482.1_Gata4	-7.90596995697515	7.28993694467207	-15.1959069016472	6.2422032912899e-08	2.53666280433087e-06	5.59573725920759	13	3
MA0480.1_Foxo1	1.05925209006417	-0.900971470328806	1.96022356039298	0.00313480469667843	0.00413451462272621	2.38357546774252	439	411
MA0479.1_FOXH1	1.1611813302802	-1.0371970502201	2.1983783805003	1.13549763699462e-05	4.3253495514466e-05	4.36397878944077	390	355
MA0478.1_FOSL2	-1.39475772693857	1.08063911445778	-2.47539684139635	0.00383646102878804	0.00499170996779387	2.30175065630759	445	421
MA0477.1_FOSL1	-1.86925957706212	1.55177205711879	-3.42103163418091	0.00245803226246504	0.0033645406145798	2.47307422480483	423	394
MA0476.1_FOS	-2.2846080967378	1.96033152152473	-4.24493961826253	0.00234405033247446	0.00324690225479117	2.48853078524027	418	387
MA0471.1_E2F6	4.09892205143615	-3.93190201891426	8.03082407035042	6.2853784870718e-08	2.53666280433087e-06	5.59573725920759	46	17
MA0470.1_E2F4	3.25111239777294	-3.22867988757984	6.47979228535278	6.97286668311169e-07	7.61752794249372e-06	5.11818594403032	99	54
MA0468.1_DUX4	1.31409854160311	-1.11800973122922	2.43210827283233	6.85040307506188e-05	0.000161432902343609	3.79200794514066	364	322
MA0467.1_Crx	1.82481231405359	-1.79481106257031	3.6196233766239	2.48714338240517e-05	7.50029176256558e-05	4.12492184215394	276	226
MA0465.1_CDX2	3.00549237118879	-2.7823534870566	5.78784585824539	0.000173003930995502	0.000345411296711709	3.46166346289094	290	244
MA0463.1_Bcl6	1.58200688528653	-1.38890285805534	2.97090974334187	1.49462438998056e-05	5.151116201183e-05	4.28809865299976	321	275
MA0462.1_BATF::JUN	-1.37734351006374	1.0420214532428	-2.41936496330653	0.00118862080664104	0.0017737408428999	2.75110983361385	388	351
MA0520.1_Stat6	1.12435588599758	-1.13667722445349	2.26103311045106	6.18746664739743e-05	0.000151162159866798	3.82055691133341	387	349
MA0521.1_Tcf12	4.56751993934853	-4.32039680913866	8.88791674848719	4.21848969881673e-06	2.30425050529706e-05	4.637470308602	106	57
MA0523.1_TCF7L2	2.39923923292198	-2.32792659660162	4.72716582952359	9.49309477413164e-06	3.7615175516213e-05	4.42463690737809	199	145
MA0527.1_ZBTB33	1.27569694995491	-1.20073272333023	2.47642967328514	0.000119333937954741	0.000254020164405158	3.59513180722927	358	317
MA0528.1_ZNF263	2.50032972825397	-2.49259006436538	4.99291979261935	3.40567550717651e-06	2.05404804026583e-05	4.68738940330039	182	127
MA0102.3_CEBPA	0.675702488389936	-0.648143019434918	1.32384550782485	0.0622313326290627	0.0686322696994806	1.16347163856145	525	514
MA0076.2_ELK4	1.14390425468214	-1.17694751322145	2.32085176790359	0.000366864352881354	0.000649585505560563	3.1873636742307	374	332
MA0258.2_ESR2	0.27809309605118	-0.148560428081674	0.426653524132854	0.460113637526876	0.474876641939503	0.323419191812516	561	557
MA0148.3_FOXA1	2.79987204652221	-2.53163030987898	5.33150235640119	6.74732030185667e-05	0.000160110592408812	3.79557993558522	244	189
MA0035.3_Gata1	-7.94385446372078	6.94604055248649	-14.8898950162073	5.20495163820759e-08	2.53666280433087e-06	5.59573725920759	8	1
MA0050.2_IRF1	2.93592713235649	-3.00305965016799	5.93898678252447	4.9089869221149e-06	2.5153127680571e-05	4.5994080046455	127	73
MA0150.2_Nfe2l2	-1.32311234913775	1.05238332345023	-2.37549567258798	0.00531893053153001	0.00679836816281651	2.16759532007803	453	429
MA0143.3_Sox2	3.31936244790055	-2.92283923610587	6.24220168400642	2.54062639524569e-07	4.32653730249193e-06	5.3638595475374	113	66
MA0079.3_SP1	2.94660853742948	-2.85071754671402	5.7973260841435	9.54996684090382e-06	3.7615175516213e-05	4.42463690737809	147	91
MA0137.3_STAT1	2.97391687848867	-2.89781188746747	5.87172876595614	0.000100503901302001	0.000221261440508968	3.65509426448794	263	209
MA0144.2_STAT3	2.07332551747387	-1.9381641433361	4.01148966080997	0.000125714485288895	0.000261018943962386	3.58332797174307	278	229
MA0140.2_GATA1::TAL1	-6.74623369857619	6.13556731167806	-12.8818010102542	1.08796530191739e-05	4.19954606540114e-05	4.37679765054155	150	96
MA0093.2_USF1	1.70136908660405	-1.93895262389157	3.64032171049562	0.00162185124697802	0.00232438582178286	2.63369178232131	404	370
MA0095.2_YY1	0.718927593553899	-0.859512355632739	1.57843994918664	0.0124594002048934	0.0149049436335398	1.82666966201236	484	465
MA0591.1_Bach1::Mafk	-1.12236709348345	0.932723848152418	-2.05509094163587	0.00280270789106372	0.00378267568514195	2.42220089217039	429	402
MA0593.1_FOXP2	1.46694286695623	-1.13836367764173	2.60530654459795	0.00258122575725774	0.00350828571232919	2.45490504522754	426	398
MA0594.1_Hoxa9	4.965303904323	-4.48995934980833	9.45526325413134	9.90081260937311e-05	0.000220150922123699	3.65727949111567	260	205
MA0595.1_SREBF1	0.178269775383756	-0.11431609156667	0.292585866950427	0.204254708738758	0.216599773552639	0.664342001749898	560	556
MA0596.1_SREBF2	-1.01262916692015	0.965454769543121	-1.97808393646327	0.00179225583530925	0.00255595105577354	2.59244746679337	412	379
MA0597.1_THAP1	0.431406430075949	-0.409421722076332	0.840828152152281	4.81152664160233e-05	0.000122725723589769	3.91106439862416	520	505
MA0599.1_KLF5	2.47584888658231	-2.41022893432845	4.88607782091076	7.86437137849808e-06	3.39811270757492e-05	4.46876222068001	189	134
MA0601.1_Arid3b	4.43570475702253	-4.30513548583401	8.74084024285654	6.89656056410567e-06	3.11961606766967e-05	4.50589885147913	128	75
MA0602.1_Arid5a	1.39502153061679	-1.07179785363449	2.46681938425128	0.0163997102455859	0.0193903807194734	1.71241366370401	489	470
MA0603.1_Arntl	2.02107978357051	-2.06899879445937	4.09007857802988	6.57619260942845e-06	3.04609241668726e-05	4.51625692455597	245	190
MA0604.1_Atf1	1.01104894226071	-0.995543999117757	2.00659294137846	0.000307992717837649	0.000557274323837496	3.25393096640473	409	377
MA0605.1_Atf3	1.04702638562354	-0.926608530138561	1.9736349157621	0.00951732371146425	0.0115524746937899	1.93732497414961	477	458
MA0606.1_NFAT5	1.24095679043138	-1.08556286785142	2.3265196582828	0.00271001139460485	0.00366611354550517	2.43579408835834	428	400
MA0607.1_Bhlha15	-0.690728771547644	0.658578611895029	-1.34930738344267	0.00452274373059342	0.00580115972764131	2.23648517661511	481	462
MA0608.1_Creb3l2	1.08446015273815	-1.23893828569141	2.32339843842956	0.00212028306783328	0.00296532342095524	2.52792793222346	414	381
MA0609.1_Crem	2.05011078367229	-1.97832867309671	4.028439456769	5.6405304633114e-06	2.74609598234066e-05	4.56128428724769	253	198
MA0610.1_DMRT3	0.897654596722001	-0.788213103464746	1.68586770018675	0.000638562048880118	0.00102389582538692	2.9897442276972	449	424
MA0611.1_Dux	0.746657942698331	-0.812445609233494	1.55910355193182	0.00757589690528946	0.00939281436437387	2.02720426079179	467	444
MA0612.1_EMX1	2.52707432358938	-2.42811611815576	4.95519044174514	0.00034805783772375	0.000620078424744773	3.20755337940503	325	282
MA0613.1_FOXG1	2.21642048319553	-1.80940910379047	4.025829586986	0.000216293357896717	0.000409260961510455	3.38799967976025	306	260
MA0614.1_Foxj2	1.60568539584792	-1.30064621807041	2.90633161391833	0.00354126718327516	0.00463889977175637	2.33358501076285	442	416
MA0615.1_Gmeb1	1.42947851610541	-1.41555601972216	2.84503453582757	0.00132925609413066	0.00195339918401434	2.70920899803331	394	361
MA1099.1_Hes1	1.39861021065412	-1.37491005575079	2.77352026640491	4.58458979263067e-05	0.000119034865019424	3.92432581618857	338	292
MA0616.1_Hes2	0.978962323975856	-1.0447677322011	2.02373005617695	0.00173539169017339	0.00248096737928492	2.60537894596144	408	375
MA0617.1_Id2	0.437663497614036	-0.556935257212416	0.994598754826452	0.0323263550970368	0.0366999207866358	1.43533487313113	510	495
MA0618.1_LBX1	2.10247060472595	-1.98875550514464	4.09122610987059	0.00051188894898475	0.00086409242408796	3.06343980251572	343	300
MA0619.1_LIN54	2.4530464771317	-2.32817250501304	4.78121898214474	7.29682875935744e-07	7.80829479482176e-06	5.10744379865238	196	142
MA0621.1_mix-a	3.56238272427914	-3.40775536561712	6.97013808989626	1.1066435952677e-05	4.24335524278145e-05	4.37229060869495	151	97
MA0622.1_Mlxip	1.12047207419819	-1.22214922976643	2.34262130396462	0.000892853520916789	0.00137489943779474	2.86172906562133	376	334
MA0623.1_Neurog1	2.03074273850911	-1.91128776054925	3.94203049905837	3.45680936520921e-06	2.06339445614034e-05	4.68541774064076	260	205
MA0624.1_NFATC1	0.290009251209103	-0.125857756103204	0.415867007312306	0.269687294267764	0.282878520617818	0.548400027909945	552	547
MA0625.1_NFATC3	0.33929624988299	-0.173988770411717	0.513285020294707	0.310331487930715	0.324922118466337	0.488220723863026	553	549
MA0626.1_Npas2	1.87428784448816	-1.88272355737149	3.75701140185965	9.94951671873055e-05	0.000220150922123699	3.65727949111567	270	221
MA0627.1_Pou2f3	1.96934441815239	-2.06683926393082	4.03618368208321	0.000278054639516082	0.000507866360504138	3.29425055254108	317	271
MA0628.1_POU6F1	4.23083087746196	-3.99080786996945	8.22163874743141	0.000107015861650698	0.000231313999480902	3.63579808226043	267	216
MA0629.1_Rhox11	1.78414951313099	-1.68451213086238	3.46866164399337	1.55384612268596e-05	5.23067968043703e-05	4.28144187474949	285	239
MA0630.1_SHOX	3.33969084969179	-3.06388282738071	6.4035736770725	1.34274559808523e-05	4.901776182963e-05	4.30964652268885	156	103
MA0631.1_Six3	1.16992580455162	-1.00533929971124	2.17526510426286	0.000521613343626856	0.000877948040581249	3.05653118609456	392	357
MA0632.1_Tcfl5	0.0908722671879667	-0.20412886493761	0.295001132125576	0.394706553741364	0.410296399670107	0.386902293928203	559	555
MA0633.1_Twist2	1.17610645352429	-1.26741105822824	2.44351751175253	3.33108280246811e-05	9.40827776892212e-05	4.0264898690178	363	321
MA0634.1_ALX3	3.30278799444318	-3.10814262719694	6.41093062164012	6.78930563022405e-06	3.09528185818876e-05	4.50929979773189	127	73
MA0007.3_Ar	0.107996026655927	0.140361720578067	-0.0323656939221392	0.971645053663682	0.975012974126987	0.0109896052714434	577	576
MA0635.1_BARHL2	0.215433216325562	-0.186715122181733	0.402148338507295	0.181411360085089	0.193083046855269	0.714255856621576	551	545
MA0636.1_BHLHE41	2.34373142852616	-2.41361314506194	4.7573445735881	1.10028815776671e-06	9.27348401035509e-06	5.03275707252149	197	143
MA0637.1_CENPB	0.27909608343251	-0.389351945923625	0.668448029356135	0.118914424108757	0.128694301979383	0.890440681329439	536	529
MA0638.1_CREB3	2.09268442524581	-2.02131227884304	4.11399670408885	4.54430359399742e-05	0.000118520350492095	3.92620707288083	242	187
MA0639.1_DBP	0.0587399629657997	-0.148338275175624	0.207078238141423	0.411892187954679	0.4273935068562	0.369172080108176	564	562
MA0154.3_EBF1	1.59587771682604	-1.52972743275375	3.12560514957979	0.000388067358141889	0.000676780121578776	3.169552405902	332	288
MA0598.2_EHF	0.895799392252144	-0.817458050193806	1.71325744244595	0.00027222462827843	0.000500374792930828	3.30070457661008	444	419
MA0640.1_ELF3	0.635182134201812	-0.626467156882814	1.26164929108463	0.0323043238681156	0.0366999207866358	1.43533487313113	509	494
MA0641.1_ELF4	1.06831431982007	-0.987164787459885	2.05547910727995	0.00179800168740025	0.00255784515234581	2.59212575052089	407	373
MA0136.2_ELF5	0.510316830527291	-0.492532890684675	1.00284972121197	0.0653930907304339	0.0719821283895841	1.14277531614121	526	515
MA0027.2_EN1	4.54689747209693	-4.06410671418055	8.61100418627748	2.13974268346602e-07	3.7542757991722e-06	5.42547382610495	33	13
MA0642.1_EN2	3.15460736640722	-3.00801965167639	6.16262701808361	5.09087780712261e-06	2.56588808462175e-05	4.59076229000753	115	67
MA0643.1_Esrrg	1.22596848686506	-1.17376395733517	2.39973244420024	0.000945964902051014	0.0014528214278184	2.83778776332006	377	341
MA0644.1_ESX1	4.58829970087181	-4.21283349960111	8.80113320047293	3.16790409584553e-08	2.53666280433087e-06	5.59573725920759	25	9
MA0645.1_ETV6	1.10531025967113	-1.01162866777302	2.11693892744416	0.00109823440303717	0.00166460135957728	2.77868975498922	396	364
MA0475.2_FLI1	0.781255425039475	-0.762713897911973	1.54396932295145	0.00607561280734199	0.00764734742489351	2.1164891790295	467	444
MA0042.2_FOXI1	1.25053468005817	-1.06447142842602	2.31500610848419	0.000629076836684642	0.0010117652456678	2.99492024277083	376	334
MA0033.2_FOXL1	1.25053468005817	-1.06447142842602	2.31500610848419	0.000629076836684642	0.0010117652456678	2.99492024277083	376	334
MA0157.2_FOXO3	0.949431744786603	-0.833946253957931	1.78337799874453	0.00545959333652361	0.00690197498219906	2.16102661924224	457	434
MA0646.1_GCM1	0.739594319259058	-0.582927884339774	1.32252220359883	0.0196149524780458	0.0229899949084788	1.63846112491253	494	476
MA0647.1_GRHL1	0.899055612647385	-0.879694593948785	1.77875020659617	0.000363065281915238	0.000644830669413873	3.19055431481269	437	408
MA0648.1_GSC	1.60756278864882	-1.69177615144146	3.29933894009028	4.19772066428289e-05	0.00011206470146678	3.95053116146645	299	252
MA0649.1_HEY2	1.06418913071404	-1.12768354049633	2.19187267121038	0.000870570549601596	0.00135090528408412	2.8693750995654	391	356
MA0131.2_HINFP	1.76192033822048	-1.75543858709486	3.51735892531534	0.000101475769347134	0.000222554812318147	3.65256301050022	281	233
MA0043.2_HLF	-0.680148550181916	0.580649288402741	-1.26079783858466	0.00141804257718615	0.00206812758738232	2.68442267216085	493	474
MA0046.2_HNF1A	3.72583147403437	-3.33267590104765	7.05850737508203	0.00533267238505452	0.00680091918710698	2.16743238568933	454	430
MA0153.2_HNF1B	3.4006628316952	-3.19336412733272	6.59402695902792	0.0137575896442072	0.0163902148230369	1.78541535418739	486	466
MA0650.1_HOXA13	2.93730263562101	-2.71410384501417	5.65140648063517	8.2068698262535e-06	3.44331712275419e-05	4.46302297778329	145	88
MA0651.1_HOXC11	4.46249125581291	-4.49783983522063	8.96033109103353	0.000102262010098338	0.000223432844705424	3.65085298508859	265	212
MA0486.2_HSF1	-0.025433695171302	0.14401442127814	-0.169448116449442	0.695287924865205	0.705029261816031	0.15179285750292	571	569
MA0652.1_IRF8	0.998869364421496	-1.05756186186619	2.05643122628769	0.000400293626415214	0.000696006035118345	3.15738699457445	399	367
MA0653.1_IRF9	2.008701618229	-2.01887402076009	4.02757563898909	0.000114296777099715	0.000245103088669388	3.61065121594653	270	221
MA0654.1_ISX	4.01665472149993	-3.6466807082307	7.66333542973063	1.09308064120928e-06	9.27348401035509e-06	5.03275707252149	67	29
MA0655.1_JDP2	0.155021232804495	-0.164082307300164	0.319103540104659	0.318970592878287	0.333364572701314	0.477080555371369	558	554
MA0656.1_JDP2(var.2)	3.27645723528733	-2.87667297269722	6.15313020798454	7.99970270700881e-06	3.43098360545045e-05	4.46458135716371	135	79
MA0657.1_KLF13	1.73106687171126	-1.95000317189344	3.68107004360469	0.000314731283669483	0.000567692876151498	3.24588655560285	321	275
MA0658.1_LHX6	2.59446342055771	-2.54024087459519	5.13470429515289	4.19555736679301e-05	0.00011206470146678	3.95053116146645	215	161
MA0659.1_MAFG	-0.164256829991084	0.0332372308545866	-0.19749406084567	0.592300843723031	0.606977324806433	0.21682753280511	566	565
MA0660.1_MEF2B	3.41326071659637	-3.28752086398651	6.70078158058288	4.91256996204793e-05	0.000123668609044598	3.90774052388581	230	171
MA0661.1_MEOX1	2.30235310939807	-2.27736609027414	4.57971919967221	8.2107444897616e-08	2.64112281087331e-06	5.57821140385005	207	151
MA0662.1_MIXL1	4.38496534014279	-3.92815957969869	8.31312491984148	5.60548166088766e-08	2.53666280433087e-06	5.59573725920759	35	14
MA0663.1_MLX	3.35957338137035	-3.30514612073925	6.6647195021096	2.02985009801003e-06	1.46910400843476e-05	4.8329474562926	94	52
MA0664.1_MLXIPL	3.05222704973594	-2.92950031157697	5.9817273613129	7.30375389305086e-06	3.20369204854276e-05	4.49434923667215	132	78
MA0665.1_MSC	2.9318392286829	-2.80099857043255	5.73283779911545	1.80702116183171e-07	3.40398489259649e-06	5.46801237604824	139	83
MA0666.1_MSX1	2.65901901158824	-2.37955501013536	5.0385740217236	8.51952383543423e-06	3.49844276646555e-05	4.45612522662865	175	120
MA0667.1_MYF6	2.26361902488641	-2.1812413592266	4.444860384113	6.12200053387104e-07	7.06268069225358e-06	5.15103042800156	214	159
MA0668.1_NEUROD2	-0.0155113458708218	-0.0450547219385118	0.02954337606769	0.799577613077761	0.805139892125258	0.09412865491194	578	577
MA0669.1_NEUROG2	0.436030956214143	-0.614782615315142	1.05081357152929	0.0893055703640566	0.0973783902839713	1.01153740884709	531	521
MA0670.1_NFIA	1.06864472807565	-0.917079296574295	1.98572402464995	0.00565034005183951	0.00712755313728774	2.14705953625704	459	438
MA0671.1_NFIX	1.55866465834368	-1.34542553424734	2.90409019259102	0.000502977958364013	0.000851532859335566	3.0697985886259	342	298
MA0048.2_NHLH1	3.32132450727076	-3.37225416811606	6.69357867538682	0.000115840510813358	0.000247496884726696	3.60643026321332	271	223
MA0672.1_NKX2-3	-0.14949955306361	0.0921633793090884	-0.241662932372698	0.445820584565016	0.460946640112757	0.336349346293337	561	557
MA0673.1_NKX2-8	3.37978170262097	-3.14545143624358	6.52523313886455	8.14965872537575e-06	3.44331712275419e-05	4.46302297778329	136	80
MA0674.1_NKX6-1	3.56343868775087	-3.53169564547194	7.09513433322281	1.82251350035391e-07	3.40398489259649e-06	5.46801237604824	73	37
MA0675.1_NKX6-2	2.52106727384062	-2.38897771147525	4.91004498531587	3.92437885935925e-05	0.000108297312413627	3.9653823210147	209	154
MA0676.1_Nr2e1	2.61738510538108	-2.03280641444349	4.65019151982457	0.000973474566064332	0.00149111580357473	2.82648862690213	378	342
MA0677.1_Nr2f6	0.567052726376436	-0.325176918604396	0.892229644980832	0.230408955311589	0.243888089808794	0.612809407790479	547	541
MA0678.1_OLIG2	0.973059348567668	-0.996938843269738	1.96999819183741	0.000429734549445841	0.000742735236206393	3.1291659721703	414	381
MA0679.1_ONECUT1	1.23696445287886	-1.04081387527205	2.27777832815091	4.76955131547796e-05	0.000122193372197422	3.91295234970843	384	344
MA0068.2_PAX4	2.94617697363038	-2.63673897523525	5.58291594886563	3.05837400666384e-06	1.91878790790815e-05	4.71697302709655	146	90
MA0680.1_PAX7	1.77189808131347	-1.67979753968318	3.45169562099664	0.00227853222880435	0.00317132250114836	2.49875959103904	416	384
MA0681.1_Phox2b	3.60801022750866	-3.28411972586973	6.89212995337839	3.67722205068692e-07	4.95142224964587e-06	5.30527003612625	80	39
MA0682.1_Pitx1	1.73691781575884	-1.77902768533341	3.51594550109224	8.92787494673785e-07	8.47416326911674e-06	5.07190317283522	282	235
MA0683.1_POU4F2	3.37379893426756	-3.03891886676243	6.41271780102998	4.70354646720633e-06	2.49608302977119e-05	4.60274097236633	109	60
MA0075.2_Prrx2	3.33969084969179	-3.06388282738071	6.4035736770725	1.34274559808523e-05	4.901776182963e-05	4.30964652268885	156	103
MA0684.1_RUNX3	0.0447596978371825	-0.135970670471587	0.180730368308769	0.650568098438456	0.663167128513849	0.178377008782951	568	567
MA0512.2_Rxra	0.728139009295718	-0.543270699246398	1.27140970854212	0.0604931901660004	0.0669704724782299	1.17411663709541	523	510
MA0685.1_SP4	2.2034871554694	-2.231330192692	4.4348173481614	0.00012193746619832	0.000255803597568215	3.59209335198779	276	226
MA0686.1_SPDEF	1.38210321148958	-1.30522815836176	2.68733136985133	0.000267521598795481	0.000498054680715703	3.30272297404863	348	307
MA0080.4_SPI1	-0.262103881102747	0.211215203059483	-0.47331908416223	0.0799091488508117	0.0872969758200377	1.05900080105295	545	538
MA0687.1_SPIC	0.354971282686601	-0.315296712794432	0.670267995481033	0.0159706363288134	0.0189487672835717	1.72241903790468	534	527
MA0083.3_SRF	-0.680144628314014	0.693430341089947	-1.37357496940396	0.0164098213342694	0.0193903807194734	1.71241366370401	490	471
MA0009.2_T	0.312035432535671	-0.465926322086349	0.77796175462202	0.116216262395902	0.126009767653984	0.899595789217269	534	527
MA0688.1_TBX2	0.882805287691149	-0.972133298431952	1.8549385861231	0.00200964291605403	0.00283110279414911	2.54804436160584	428	400
MA0689.1_TBX20	1.04211698747979	-1.0016492715935	2.04376625907329	0.00141216892469059	0.00206476213988852	2.68512997174792	404	370
MA0690.1_TBX21	1.68353743298253	-1.65682832122626	3.34036575420879	3.77625165492113e-05	0.00010511777443266	3.97832384262682	297	251
MA0090.2_TEAD1	3.98240927613676	-3.64620897900033	7.62861825513709	0.000106214180721185	0.000231195528712654	3.63602056936137	266	214
MA0691.1_TFAP4	2.84544076389608	-2.55835601973664	5.40379678363272	3.2893141444748e-07	4.76128222412727e-06	5.32227607503705	154	101
MA0145.3_TFCP2	0.247894304628987	-0.337789759991444	0.585684064620431	0.326454763062779	0.340571725789818	0.467791409935256	555	551
MA0692.1_TFEB	2.47914374641427	-2.6372388577419	5.11638260415618	5.38663818957723e-05	0.000133856803080052	3.87335955152191	233	173
MA0694.1_ZBTB7B	-0.130841140374837	0.239412771776788	-0.370253912151626	0.123930438299502	0.133872618983977	0.873308240315573	553	549
MA0695.1_ZBTB7C	0.147008080091475	-0.17514728671122	0.322155366802695	0.235981031839452	0.249330323786575	0.603224898983966	557	553
MA0696.1_ZIC1	1.43060530954477	-1.44763305151766	2.87823836106243	0.000823674067437178	0.00129947489113386	2.88623210765767	367	326
MA0697.1_ZIC3	1.93887752659444	-1.95790063077743	3.89677815737187	3.12270913380351e-05	8.86298327682467e-05	4.05242007014616	262	207
MA0698.1_ZBTB18	1.10893584870787	-1.06330340220549	2.17223925091336	0.00360801672009579	0.00471566970865793	2.32645662103468	443	417
MA0699.1_LBX2	4.70995482999109	-4.18118455058888	8.89113938057997	6.79857798945052e-08	2.53666280433087e-06	5.59573725920759	23	6
MA0700.1_LHX2	3.73340200759523	-3.46561037308431	7.19901238067954	3.42611596662314e-07	4.83834425530439e-06	5.31530323418413	70	33
MA0701.1_LHX9	3.96718153312989	-3.60268132157456	7.56986285470445	5.96521151350983e-06	2.85442765811751e-05	4.54448095916579	120	69
MA0702.1_LMX1A	3.56422163358417	-3.49749851233094	7.0617201459151	1.97580332847126e-05	6.32038744301026e-05	4.19925629842585	181	126
MA0703.1_LMX1B	3.67247894263936	-3.56032144797353	7.23280039061289	2.04066426575574e-05	6.45652792280094e-05	4.19000096642327	183	128
MA0704.1_Lhx4	3.80068853473442	-3.56718528495429	7.36787381968872	2.20522321825507e-06	1.55710273581669e-05	4.80768273224476	82	41
MA0705.1_Lhx8	2.65234866800574	-2.48001753058607	5.13236619859181	6.43557855592713e-07	7.16576919977271e-06	5.14473718401241	170	116
MA0706.1_MEOX2	3.81999837416175	-3.80893022529313	7.62892859945488	5.55093419414866e-05	0.000137350038393678	3.86217121484436	234	175
MA0707.1_MNX1	4.86478500918995	-4.78812714297401	9.65291215216396	9.15244084721059e-06	3.65466431071375e-05	4.43715250781691	145	88
MA0708.1_MSX2	2.65901901158824	-2.37955501013536	5.0385740217236	8.51952383543423e-06	3.49844276646555e-05	4.45612522662865	175	120
MA0709.1_Msx3	3.88937276191458	-3.72377669333784	7.61314945525242	2.33333977629165e-05	7.14816788609981e-05	4.14580525594948	189	134
MA0122.2_NKX3-2	1.9516824236746	-1.89113870164607	3.84282112532067	1.32306874145679e-05	4.901776182963e-05	4.30964652268885	267	216
MA0710.1_NOTO	2.95521448911854	-2.73043105243778	5.68564554155633	8.39095746546328e-07	8.23451588559871e-06	5.08436192829669	142	85
MA0124.2_Nkx3-1	1.64983927583205	-1.55985209969377	3.20969137552582	0.000473154295845974	0.000810521707972837	3.09123534907387	338	292
MA0711.1_OTX1	1.04545089822101	-0.983684794222732	2.02913569244375	0.000208593885932852	0.000398600197871687	3.39946249004456	407	373
MA0712.1_OTX2	1.3804889841444	-1.32287067866779	2.7033596628122	0.000120647394711742	0.000254944677146344	3.59355405100423	345	302
MA0132.2_PDX1	2.85762476175369	-2.70364688528526	5.56127164703896	3.08204920906876e-07	4.60731729031458e-06	5.33655187832951	148	92
MA0713.1_PHOX2A	3.4638135305473	-3.22527156742441	6.68908509797172	1.65116710631006e-07	3.2966405329432e-06	5.48192840592639	92	49
MA0714.1_PITX3	1.33315355127435	-1.36480400868536	2.69795755995971	1.32406391316437e-05	4.901776182963e-05	4.30964652268885	346	304
MA0715.1_PROP1	4.25650916260023	-3.87797570558096	8.13448486818119	3.56883243384856e-05	9.98238637293874e-05	4.0007656245733	207	151
MA0716.1_PRRX1	2.65437314384101	-2.41688196479019	5.0712551086312	7.48785919357417e-05	0.000172042479090454	3.76436430799456	252	197
MA0717.1_RAX2	3.33969084969179	-3.06388282738071	6.4035736770725	1.34274559808523e-05	4.901776182963e-05	4.30964652268885	156	103
MA0718.1_RAX	5.62377523848106	-5.34886343920704	10.9726386776881	1.33691723012499e-07	2.97721183170142e-06	5.52619026375231	26	11
MA0719.1_RHOXF1	0.425817997243023	-0.359727370511692	0.785545367754715	0.00151445111370709	0.00218126167869753	2.66129223043356	528	518
MA0720.1_Shox2	3.96718153312989	-3.60268132157456	7.56986285470445	5.96521151350983e-06	2.85442765811751e-05	4.54448095916579	120	69
MA0721.1_UNCX	3.93850701622344	-3.64242492522438	7.58093194144782	2.31496660996898e-05	7.12960461261724e-05	4.14693455420421	188	132
MA0722.1_VAX1	3.49622654279854	-3.31138896108159	6.80761550388014	1.44375967134495e-07	3.09606240632861e-06	5.5091902939675	84	43
MA0723.1_VAX2	2.85762476175369	-2.70364688528526	5.56127164703896	3.08204920906876e-07	4.60731729031458e-06	5.33655187832951	148	92
MA0724.1_VENTX	2.32210353136099	-2.27273991355883	4.59484344491982	0.00013076920983563	0.000269449724180889	3.56952225662828	281	233
MA0725.1_VSX1	3.26479364933561	-3.08075050888145	6.34554415821706	3.59207094438455e-08	2.53666280433087e-06	5.59573725920759	107	58
MA0726.1_VSX2	3.26479364933561	-3.08075050888145	6.34554415821706	3.59207094438455e-08	2.53666280433087e-06	5.59573725920759	107	58
MA0112.3_ESR1	0.859618161288334	-0.857607612165812	1.71722577345415	0.00190577541430336	0.00269790700460059	2.56897302430268	443	417
MA0141.3_ESRRB	0.428907974353899	-0.492470044487956	0.921378018841855	0.0663018575691629	0.0728439763425908	1.13760635534676	527	517
MA0592.2_Esrra	1.71801593756856	-1.68667526421386	3.40469120178242	0.000185819933260907	0.000363478855939409	3.43952084757226	296	250
MA0114.3_Hnf4a	-0.188340477264002	0.479081294815702	-0.667421772079704	0.330648024427314	0.344325910329882	0.463030295651698	556	552
MA0017.2_NR2F1	1.57110317939858	-1.54179948121998	3.11290266061855	0.00084626527679527	0.00132463511367463	2.87790373677742	369	328
MA0113.3_NR3C1	0.945555394035485	-0.87377194947636	1.81932734351185	0.00788660919778053	0.00971563133088282	2.01252897328241	470	448
MA0727.1_NR3C2	0.900103999682874	-0.780027071121951	1.68013107080482	0.0238344362865035	0.0276002772197711	1.5590865558184	500	484
MA0728.1_Nr2f6(var.2)	2.43248394822639	-2.38355656568852	4.81604051391491	1.77076905613336e-06	1.32709974759697e-05	4.87709643342577	193	138
MA0729.1_RARA	2.32314360617761	-2.00669805925199	4.3298416654296	3.0732106521428e-05	8.76546289453536e-05	4.05722514434667	222	165
MA0730.1_RARA(var.2)	1.72419261601456	-1.60517169873089	3.32936431474545	0.000640155939188371	0.00102389582538692	2.9897442276972	362	319
MA0731.1_BCL6B	0.846216646412645	-0.634168905770412	1.48038555218306	0.00414889053799815	0.00536207058370743	2.2706674734727	470	448
MA0472.2_EGR2	3.01325501056398	-3.09588276866329	6.10913777922727	1.48245880323253e-05	5.15106822855145e-05	4.28810269762725	166	114
MA0732.1_EGR3	4.19439142741712	-4.08497755272763	8.27936898014475	4.87009516500834e-06	2.5153127680571e-05	4.5994080046455	112	65
MA0733.1_EGR4	4.00048869503765	-3.76022156837043	7.76071026340808	1.01367564290976e-06	9.10025067055717e-06	5.04094664467447	63	24
MA0734.1_GLI2	0.126838513464917	-0.245940368517214	0.37277888198213	0.243238052247111	0.256529749091216	0.590862263624344	552	547
MA0735.1_GLIS1	1.95115328989731	-1.77542128179813	3.72657457169545	0.000211345464545683	0.000402529684118258	3.39520208753609	304	258
MA0736.1_GLIS2	0.816493342052083	-0.847998894045774	1.66449223609786	0.0199911044600297	0.0233363900853976	1.63196632426515	496	479
MA0737.1_GLIS3	0.539246044307449	-0.503286734122848	1.0425327784303	0.0173439619659843	0.0204524520943073	1.68925461591162	506	491
MA0738.1_HIC2	2.53502898102503	-2.37372323450718	4.90875221553222	5.40087484615299e-08	2.53666280433087e-06	5.59573725920759	188	132
MA0739.1_Hic1	0.814150603845111	-0.822363756100296	1.63651435994541	0.00019969312222133	0.000384127301548672	3.41552482459591	456	433
MA0740.1_KLF14	2.26754771762744	-2.21455741282793	4.48210513045537	0.000293781153675751	0.000534903421315283	3.27172462428932	318	273
MA0741.1_KLF16	3.00921407785133	-2.96785065857092	5.97706473642224	4.83821549212485e-05	0.000122865209207907	3.91057107551906	228	169
MA0742.1_Klf12	0.831089346949102	-0.887042659802952	1.71813200675205	0.0503360596386826	0.0560472664053793	1.25144556440728	520	505
MA0743.1_SCRT1	1.93618283319718	-1.92267905268005	3.85886188587723	1.53542454051597e-07	3.1750386034241e-06	5.49825099000912	265	212
MA0744.1_SCRT2	1.75171680649829	-1.65211005297345	3.40382685947174	2.75297260312687e-06	1.81830816729791e-05	4.74033251054468	290	244
MA0745.1_SNAI2	0.727109475632176	-0.66623673448254	1.39334621011472	0.0216965346388136	0.0252762445792215	1.59728745094643	497	480
MA0746.1_SP3	2.70744274134265	-2.65793231394708	5.36537505528973	4.03815143676211e-05	0.0001092565271909	3.96155260801143	214	159
MA0747.1_SP8	2.97990198048224	-2.90409366717737	5.88399564765961	3.9465859964206e-05	0.000108297312413627	3.9653823210147	211	156
MA0748.1_YY2	0.29300645355244	-0.376005642559402	0.669012096111842	0.151833580087068	0.162498415656954	0.789150868991547	541	535
MA0749.1_ZBED1	-0.613615712637698	0.610513078844296	-1.22412879148199	0.0464662670585023	0.0519381633723414	1.28451341187576	518	503
MA0751.1_ZIC4	0.944993662404504	-0.995927429306917	1.94092109171142	0.00686591268898378	0.00856759363560692	2.0671411404487	464	441
MA0088.2_ZNF143	1.07511012434805	-0.767061775234016	1.84217189958207	0.00288453250805736	0.00386607481982688	2.41272974536087	432	404
MA0752.1_ZNF410	1.40810553415486	-1.31174366672274	2.7198492008776	4.51312522743996e-06	2.41953658026642e-05	4.61626780753438	344	301
MA0753.1_ZNF740	3.50410191978566	-3.35381092051421	6.85791284029988	0.000215072548645886	0.000408285264478584	3.38903629402048	305	259
MA0754.1_CUX1	1.12251065442871	-0.992014144837445	2.11452479926615	5.85065216607051e-05	0.000143539305260798	3.84302916011103	397	365
MA0755.1_CUX2	0.604236430255285	-0.355714492557407	0.959950922812692	0.0185304628772997	0.0217655373847954	1.66223060576961	514	499
MA0756.1_ONECUT2	2.00908812247347	-1.83760912118596	3.84669724365943	1.62652949068458e-05	5.35091235855894e-05	4.27157216218327	266	214
MA0757.1_ONECUT3	2.20684203900474	-1.97334405334665	4.18018609235139	1.69132046118783e-05	5.50154239903231e-05	4.25951553569115	236	178
MA0469.2_E2F3	-0.230040095802127	0.223216768972678	-0.453256864774804	0.134331792596897	0.144300756797037	0.840731391207854	546	540
MA0758.1_E2F7	0.341434314177353	-0.300026665093674	0.641460979271027	0.0494940731752859	0.0552159313458392	1.25793559804356	538	531
MA0473.2_ELF1	0.724988043454154	-0.752195394154069	1.47718343760822	0.00200663335815064	0.00283110279414911	2.54804436160584	471	450
MA0759.1_ELK3	0.835710636285935	-0.798349537614875	1.63406017390081	0.00045440003335558	0.000780705101818637	3.10751298256122	457	434
MA0760.1_ERF	1.70790939779854	-1.65087687149836	3.3587862692969	6.73712985258218e-05	0.000160110592408812	3.79557993558522	292	246
MA0474.2_ERG	1.70002094044049	-1.64806638243987	3.34808732288036	0.00020346212355245	0.000390081356082347	3.40884480627383	302	256
MA0098.3_ETS1	1.63975085258529	-1.56599472794253	3.20574558052782	0.000449302212845239	0.000774243991777956	3.11112215613301	336	291
MA0761.1_ETV1	0.724624812026268	-0.672586518592889	1.39721133061916	0.00105349098596456	0.001605187581246	2.79447420890406	475	455
MA0762.1_ETV2	1.78685432997429	-1.71198630371721	3.4988406336915	7.12250317702514e-05	0.000166287473366837	3.77914046546818	283	236
MA0763.1_ETV3	0.721282810202568	-0.741441591591894	1.46272440179446	0.00298190962031284	0.00396902452910606	2.40131621708616	472	452
MA0764.1_ETV4	0.92103419835516	-0.848144666340729	1.76917886469589	0.00145399114171434	0.00210465217763151	2.67681966696217	439	411
MA0765.1_ETV5	1.20508756134579	-1.20559949074525	2.41068705209104	0.00232410463356879	0.00322699420344444	2.4912018147059	417	386
MA0156.2_FEV	0.466117936140398	-0.402138831748648	0.868256767889046	0.0241804852920053	0.0279451117446528	1.55369414942295	517	501
MA0766.1_GATA5	-6.21021867664359	5.72442713958814	-11.9346458162317	1.17888787389524e-07	2.84792546283633e-06	5.54547138143353	23	6
MA0767.1_GCM2	0.845676889731727	-0.757824976055351	1.60350186578708	0.000625504474048903	0.0010117652456678	2.99492024277083	458	437
MA0768.1_LEF1	2.50681403487378	-2.41546431323436	4.92227834810815	5.09632348413647e-06	2.56588808462175e-05	4.59076229000753	186	130
MA0769.1_Tcf7	1.44265959938614	-1.48056947756443	2.92322907695056	0.000575297439144787	0.000954433287291781	3.02025442240243	349	309
MA0770.1_HSF2	1.23441790171082	-1.05363002622136	2.28804792793218	0.00215466121336234	0.00300614178924529	2.52199053910687	415	383
MA0771.1_HSF4	0.472684496304148	-0.368177297086575	0.840861793390723	0.109185200717268	0.118608313724762	0.925884868490773	533	525
MA0772.1_IRF7	3.23265553806872	-3.04612874964727	6.278784287716	1.54126432739499e-06	1.18985606074893e-05	4.92450557289605	110	61
MA0052.3_MEF2A	3.24436346360711	-3.01195267389909	6.2563161375062	1.39461492726156e-05	4.98445705484224e-05	4.30238214145022	162	109
MA0773.1_MEF2D	3.72182613554751	-3.31809862825409	7.03992476380161	5.31817782341439e-06	2.65450427565253e-05	4.57601657079719	116	68
MA0498.2_MEIS1	1.2726655927153	-1.18779501069602	2.46046060341131	1.80321493049773e-05	5.83274550144237e-05	4.23412697260659	361	318
MA0774.1_MEIS2	1.99221941502636	-1.88437541629198	3.87659483131835	1.48571397956493e-05	5.15106822855145e-05	4.28810269762725	263	209
MA0775.1_MEIS3	1.80079336503268	-1.74078434611951	3.54157771115219	3.02547009313241e-05	8.67201576199834e-05	4.06187994144422	279	230
MA0776.1_MYBL1	0.606468348866814	-0.65657268307716	1.26304103194397	0.00308306182595405	0.00408488054285445	2.38882063933663	491	473
MA0777.1_MYBL2	1.22719010842483	-0.993893673250861	2.22108378167569	0.000534189083612332	0.000891341439226341	3.04995590228517	388	351
MA0105.4_NFKB1	0.82622354723028	-0.857991159823269	1.68421470705355	0.00101342686543913	0.00154821676804553	2.81016823320397	450	426
MA0778.1_NFKB2	0.988657917802601	-1.00363093251381	1.99228885031641	0.00161964493776416	0.00232438582178286	2.63369178232131	410	378
MA0779.1_PAX1	1.4614490393652	-1.28490365840597	2.74635269777118	0.000487585371274982	0.000832778554478509	3.07947046720497	342	298
MA0780.1_PAX3	2.17500239561254	-2.10831635549709	4.28331875110963	0.00187922871167597	0.00266684662759899	2.57400196020167	408	375
MA0781.1_PAX9	2.38057636434007	-2.25620796383518	4.63678432817525	1.64400861394661e-05	5.37785868629994e-05	4.26939061389525	203	148
MA0782.1_PKNOX1	0.898288297696997	-0.603951499218765	1.50223979691576	0.0254250328707634	0.0293248885103028	1.53276363034465	502	486
MA0783.1_PKNOX2	1.56290294350521	-1.20694638463012	2.76984932813532	0.00255390088068593	0.00347931437627565	2.45850632844892	425	397
MA0784.1_POU1F1	2.25049218256559	-2.24640533578737	4.49689751835296	0.000379730399271372	0.000666254245994316	3.1763600102265	330	284
MA0785.1_POU2F1	2.08237575947077	-2.13332383576466	4.21569959523543	0.0013207704341083	0.00194586789147253	2.71088664811292	393	359
MA0786.1_POU3F1	2.08137537342055	-2.15293129513042	4.23430666855098	0.00126719724784133	0.00187170205739828	2.72776328226779	392	357
MA0787.1_POU3F2	2.16424742309454	-2.22036514121252	4.38461256430706	0.000602622381087999	0.000994069397863109	3.00258329562588	351	312
MA0788.1_POU3F3	2.77793870285726	-2.77020701516109	5.54814571801835	9.67989378264444e-05	0.000217234825587253	3.66307055040927	258	203
MA0789.1_POU3F4	0.383286587619413	-0.454382933042121	0.837669520661533	0.00398993787900176	0.00517976240345745	2.28569016095629	521	507
MA0790.1_POU4F1	4.4924043121782	-4.21222951282457	8.70463382500277	2.27113128882892e-06	1.58431929666499e-05	4.80015728814715	83	42
MA0791.1_POU4F3	4.55656561272018	-4.1053754936363	8.66194110635649	1.37176216910065e-06	1.12790363658895e-05	4.94772800308794	70	33
MA0792.1_POU5F1B	1.31554627106356	-1.45545086505525	2.77099713611882	7.47421441100705e-05	0.000172042479090454	3.76436430799456	339	294
MA0793.1_POU6F2	2.41935858246143	-2.15071227266517	4.5700708551266	4.03420735459535e-05	0.0001092565271909	3.96155260801143	213	158
MA0794.1_PROX1	0.550599893490995	-0.456775048257108	1.0073749417481	0.0074012175098778	0.00919593334381812	2.03640418534935	507	493
MA0600.2_RFX2	2.4294855738456	-2.25436777291712	4.68385334676272	0.000832279941651383	0.00130948392993519	2.8828998268938	368	327
MA0795.1_SMAD3	1.51681153845986	-1.42255507642363	2.9393666148835	2.81857449855762e-05	8.1597731733243e-05	4.0883219136656	323	279
MA0796.1_TGIF1	1.72726248682386	-1.25346605023154	2.98072853705541	0.00885869953331524	0.0107756030037595	1.96755841732707	476	457
MA0797.1_TGIF2	1.01564505098437	-0.586104724073725	1.6017497750581	0.0237381450574334	0.0275438596958997	1.55997520252571	499	483
MA0798.1_RFX3	2.9399429106836	-2.75520845150134	5.69515136218494	0.000494658965217967	0.000839904811909686	3.07576993061054	341	296
MA0799.1_RFX4	1.94520309784411	-1.74856656141377	3.69376965925789	4.89503742475565e-05	0.000123668609044598	3.90774052388581	273	225
MA0510.2_RFX5	2.05806673405868	-2.0205769443042	4.07864367836287	0.000807949354723934	0.00128165116817852	2.89223016229762	365	324
MA0511.2_RUNX2	0.905590634775096	-0.898232193815049	1.80382282859014	0.000162941661792797	0.000327580632562603	3.48468178279633	433	405
MA0800.1_EOMES	1.45098202569868	-1.42116229501966	2.87214432071834	1.36225990478357e-05	4.92967803043554e-05	4.30718144465206	331	286
MA0801.1_MGA	0.907700162508263	-0.973667039704778	1.88136720221304	0.00125607765298201	0.00186002291835443	2.7304817045705	422	392
MA0802.1_TBR1	2.04915731565886	-2.10180820819694	4.1509655238558	1.57253694664025e-05	5.23275225347531e-05	4.28126982660098	239	182
MA0803.1_TBX15	0.907700162508263	-0.973667039704778	1.88136720221304	0.00125607765298201	0.00186002291835443	2.7304817045705	422	392
MA0804.1_TBX19	0.690902271062895	-0.736546966944159	1.42744923800705	0.0421775026130531	0.0474189786659373	1.32404780431237	515	500
MA0805.1_TBX1	1.447253951125	-1.47555210817877	2.92280605930378	8.92472068040364e-06	3.61262166677446e-05	4.44217751771111	325	282
MA0806.1_TBX4	0.900754824594881	-0.978502107494621	1.8792569320895	0.00239006993456692	0.00329488212408154	2.48216011787624	424	395
MA0807.1_TBX5	0.900754824594881	-0.978502107494621	1.8792569320895	0.00239006993456692	0.00329488212408154	2.48216011787624	424	395
MA0808.1_TEAD3	3.34263388022205	-3.04771372911572	6.39034760933777	1.04094635302177e-05	4.07235093513247e-05	4.39015480370067	148	92
MA0809.1_TEAD4	3.38614100914421	-3.10389216930561	6.49003317844982	4.15262549099665e-06	2.28987634217815e-05	4.64018796978225	105	56
MA0810.1_TFAP2A(var.2)	1.2381370434618	-1.11944423730719	2.35758128076899	0.000621656384424346	0.0010117652456678	2.99492024277083	370	329
MA0003.3_TFAP2A	0.43008084968712	-0.328979611078929	0.759060460766049	0.0350765842643399	0.0395893611872374	1.40242150595419	531	521
MA0811.1_TFAP2B	1.08467321952548	-0.966374426651618	2.0510476461771	0.00411501294536813	0.0053301845533963	2.27325775361244	447	423
MA0812.1_TFAP2B(var.2)	0.286397981723409	-0.213844367236126	0.500242348959535	0.012401408633623	0.0148662848837841	1.82779754903408	544	537
MA0813.1_TFAP2B(var.3)	-0.516281260658684	0.542113657730752	-1.05839491838944	0.000846485305802439	0.00132463511367463	2.87790373677742	504	489
MA0524.2_TFAP2C	1.02072170034431	-0.925309128528165	1.94603082887248	0.00144141430291671	0.00209167639445809	2.6795055047819	419	389
MA0814.1_TFAP2C(var.2)	0.954425832416203	-0.728202746626527	1.68262857904273	0.00289996403093076	0.0038777810020991	2.41141672137013	451	427
MA0815.1_TFAP2C(var.3)	-0.32566856262523	0.384266246738892	-0.709934809364123	0.00538276769738194	0.00684971977315196	2.16432719543651	533	525
MA0816.1_Ascl2	2.41091915137507	-2.32884576646005	4.73976491783512	0.000192464481340348	0.000372698778247697	3.4286420309144	299	252
MA0461.2_Atoh1	1.15429442923509	-1.16499710855227	2.31929153778737	0.00825945904584334	0.0101104160413177	1.99523097292226	473	453
MA0464.2_BHLHE40	1.89786191024228	-1.97413738763307	3.87199929787535	6.70414446403668e-06	3.08071400371209e-05	4.5113486172867	264	211
MA0817.1_BHLHE23	0.639887498436715	-0.671032831358004	1.31092032979472	0.0155976825397408	0.0185442673316426	1.73179032060501	487	468
MA0818.1_BHLHE22	0.388426281908645	-0.428704969687914	0.817131251596559	0.0313920918325457	0.0358501403768125	1.44550913944512	524	512
MA0819.1_CLOCK	0.85283569318645	-0.889387802235234	1.74222349542168	0.00287403340274235	0.0038609404644729	2.41330689512556	441	415
MA0820.1_FIGLA	0.713978650899676	-0.556181948847553	1.27016059974723	0.00284011016736201	0.00382424136488977	2.41745470527362	490	471
MA0821.1_HES5	0.529252206272488	-0.443212700523639	0.972464906796128	0.00663399327692039	0.00833206530875684	2.07924733460505	512	498
MA0822.1_HES7	-0.631267119356422	0.648066701807278	-1.2793338211637	0.0108534531816986	0.013119309795832	1.882089012502	487	468
MA0823.1_HEY1	1.760396421742	-1.7759614106552	3.5363578323972	0.000125851556578173	0.000261018943962386	3.58332797174307	280	231
MA0824.1_ID4	0.877582675334942	-0.820049551634952	1.69763222696989	0.0116729158514363	0.014080454745795	1.85138331888707	480	461
MA0058.3_MAX	2.5874196789228	-2.64482040194841	5.23224008087121	0.00012622677773656	0.000261018943962386	3.58332797174307	280	231
MA0825.1_MNT	1.95317683855005	-2.07797980359933	4.03115664214938	0.000138318017280011	0.000282989865742496	3.54822911688178	283	236
MA0826.1_OLIG1	0.685096699121996	-0.7078533706258	1.3929500697478	0.0296477281459569	0.0339921477158595	1.46862139464968	505	490
MA0827.1_OLIG3	1.67523139600611	-1.6743727457258	3.34960414173191	0.000626755800758963	0.0010117652456678	2.99492024277083	354	315
MA0828.1_SREBF2(var.2)	2.75228564236143	-2.74973568533745	5.50202132769888	5.50187116201406e-06	2.72272085709927e-05	4.56499688177267	152	99
MA0829.1_Srebf1(var.2)	2.80924804792854	-2.86792248564346	5.677170533572	6.96218454855416e-06	3.12488748342082e-05	4.50516561550685	143	86
MA0522.2_TCF3	0.880181238378713	-0.777488580343403	1.65766981872212	0.00109293154805922	0.00166091172264118	2.77965344966097	454	430
MA0830.1_TCF4	1.46270554534009	-1.35771561460482	2.82042115994491	9.82693258416067e-05	0.000219683164719268	3.65820322368792	335	290
MA0832.1_Tcf21	2.73721458630044	-2.57924852475025	5.31646311105069	0.000178665087194628	0.000351907594946044	3.45357136002595	293	247
MA0833.1_ATF4	0.784908451024467	-0.731652814469286	1.51656126549375	0.00773902934191793	0.00955415349460658	2.01980778573163	469	447
MA0834.1_ATF7	3.97398796438199	-3.45986602405135	7.43385398843333	4.62940578756291e-05	0.000119130042266619	3.92397870413137	225	167
MA0835.1_BATF3	0.690920651844974	-0.565816299533985	1.25673695137896	0.0616443418384983	0.0681146448940659	1.16675950316946	524	512
MA0466.2_CEBPB	0.0673779471726416	-0.101076446019104	0.168454393191745	0.647261162771836	0.660959811719388	0.179824946080335	570	568
MA0836.1_CEBPD	0.208383733510476	-0.299463823643759	0.507847557154235	0.253024052275233	0.265881898851833	0.575311228280895	551	545
MA0837.1_CEBPE	0.250506498446663	-0.273797049686608	0.524303548133271	0.158776677147112	0.169615675402542	0.77053401395289	542	536
MA0838.1_CEBPG	1.53116439871306	-1.44753884121458	2.97870323992763	0.000270773393670392	0.000499764751461891	3.30123437803236	319	274
MA0839.1_CREB3L1	0.913710265044741	-0.834756744302362	1.7484670093471	1.52564179907414e-05	5.16576960037385e-05	4.28686496779446	440	413
MA0840.1_Creb5	3.11008999706114	-2.74974747298625	5.85983747004739	2.86279840889823e-05	8.24656855100536e-05	4.08372672652564	201	146
MA0117.2_Mafb	1.40824166093386	-1.40788769812718	2.81612935906105	0.000489232736856531	0.000833134572470387	3.07928484329796	340	295
MA0841.1_NFE2	-0.118969792463872	0.0139865512177679	-0.13295634368164	0.760625193120291	0.768589854828356	0.114305352399827	574	573
MA0842.1_NRL	1.02648111288707	-0.920016088165695	1.94649720105277	0.000594862743077143	0.000984072937833331	3.00697271119813	418	387
MA0843.1_TEF	-0.334294557803097	0.295043400297099	-0.629337958100196	0.0122154035758885	0.0146736901876337	1.83346065462349	539	533
MA0844.1_XBP1	-0.676777343539509	0.654406179662674	-1.33118352320218	0.00811133598906082	0.00995013461369961	2.00217104371744	482	464
MA0845.1_FOXB1	3.79720567900832	-3.5717014363873	7.36890711539561	6.8588072498321e-05	0.000161432902343609	3.79200794514066	246	191
MA0032.2_FOXC1	3.66878985733696	-3.39308772982635	7.06187758716331	2.58603378040268e-06	1.74106227773622e-05	4.75918569390654	86	47
MA0846.1_FOXC2	3.13497177174884	-2.9538142740264	6.08878604577524	1.219527644497e-05	4.61507520368474e-05	4.3358212176545	153	100
MA0847.1_FOXD2	1.25053468005817	-1.06447142842602	2.31500610848419	0.000629076836684642	0.0010117652456678	2.99492024277083	376	334
MA0848.1_FOXO4	1.25053468005817	-1.06447142842602	2.31500610848419	0.000629076836684642	0.0010117652456678	2.99492024277083	376	334
MA0849.1_FOXO6	1.25053468005817	-1.06447142842602	2.31500610848419	0.000629076836684642	0.0010117652456678	2.99492024277083	376	334
MA0850.1_FOXP3	1.25053468005817	-1.06447142842602	2.31500610848419	0.000629076836684642	0.0010117652456678	2.99492024277083	376	334
MA0851.1_Foxj3	2.1186826076794	-1.99673995229646	4.11542255997585	3.90404626510211e-06	2.19460464805255e-05	4.65864370532337	241	185
MA0853.1_Alx4	4.66373926764832	-4.42796707669333	9.09170634434165	3.99678168558727e-06	2.22513134226445e-05	4.652644348936	104	55
MA0854.1_Alx1	4.92691665005736	-4.67559617832417	9.60251282838154	2.43872288705887e-05	7.39277775710517e-05	4.13119234943803	191	136
MA0855.1_RXRB	1.44378959773624	-1.36249620322545	2.80628580096169	0.000852282477690407	0.00133011200696158	2.87611178613279	371	330
MA0856.1_RXRG	1.00042698766534	-0.956160066541396	1.95658705420674	0.00311283403622992	0.00411491074652312	2.38563958030903	438	409
MA0857.1_Rarb	1.23654256325511	-1.06350504085704	2.30004760411215	8.40347428554017e-05	0.000190062953567491	3.72110252610733	382	343
MA0858.1_Rarb(var.2)	2.43760613122969	-2.21364162785777	4.65124775908745	1.79559972868756e-06	1.32709974759697e-05	4.87709643342577	201	146
MA0859.1_Rarg	1.15918681279194	-1.04989549346592	2.20908230625786	0.000663084457989373	0.00105764711067726	2.97565921268871	389	353
MA0860.1_Rarg(var.2)	0.927786424633991	-0.780267894381042	1.70805431901503	0.0117111950181617	0.0140972596996167	1.85086529961387	481	462
MA0525.2_TP63	2.29052013975396	-1.99105822076319	4.28157836051715	4.48689308062347e-05	0.00011755253817561	3.92976798922078	228	169
MA0106.3_TP53	-0.511107729755267	0.463241036008235	-0.974348765763502	0.0993322790362939	0.108107875116568	0.966142668719238	532	523
MA0861.1_TP73	1.43934021283558	-1.24962367279788	2.68896388563346	0.000177991135092532	0.000351907594946044	3.45357136002595	347	306
MA0862.1_GMEB2	0.58639768837763	-0.505886455246468	1.0922841436241	0.00018071834332924	0.000354698036568238	3.45014121555946	502	486
MA0863.1_MTF1	1.78004132523013	-1.79082301012761	3.57086433535774	0.000337149091658956	0.000604363232416518	3.21870196465785	323	279
MA0024.3_E2F1	-0.0174161525334582	0.187629131855824	-0.205045284389282	0.414912981231167	0.42975781061332	0.366776221504342	565	564
MA0864.1_E2F2	0.140985658878971	-0.089825737537498	0.230811396416469	0.0447334819937293	0.0501951280511032	1.29933843351637	562	559
MA0865.1_E2F8	2.74787099497801	-2.58622076854877	5.33409176352678	1.38309426939233e-06	1.12790363658895e-05	4.94772800308794	159	107
MA0866.1_SOX21	1.46255097221384	-1.41244738532162	2.87499835753546	5.15337193473968e-05	0.000128612170267857	3.89071793319959	330	284
MA0867.1_SOX4	2.36368387386868	-2.43571218355854	4.79939605742722	3.54808912756388e-06	2.07509455036312e-05	4.68296211014926	195	140
MA0868.1_SOX8	0.795414206429492	-0.750002141625191	1.54541634805468	0.00351853262696294	0.00461957004764522	2.33539844319374	466	443
MA0869.1_Sox11	2.67624558465891	-2.69897525959539	5.37522084425429	1.81072331710122e-06	1.32709974759697e-05	4.87709643342577	155	102
MA0870.1_Sox1	1.72713394650435	-1.62652629564187	3.35366024214622	0.000708527681554555	0.00112702617478046	2.94806599750251	364	322
MA0871.1_TFEC	2.47159091381146	-2.61280230593486	5.08439321974632	2.63084744833773e-05	7.81159319275665e-05	4.10726038171051	195	140
MA0872.1_TFAP2A(var.3)	0.163124492455468	-0.24181790401389	0.404942396469358	0.0699106228447358	0.0766633534604205	1.11541218746228	550	543
MA0028.2_ELK1	0.641150138445918	-0.612440102165592	1.25359024061151	0.002623851657161	0.00355786910889044	2.44881003329882	495	477
MA0873.1_HOXD12	3.58888485719391	-3.32542473158223	6.91430958877614	0.00118087152051486	0.00176673025937495	2.75282975259138	387	349
MA0874.1_Arx	3.79155607271959	-3.40915382112054	7.20070989384013	2.05169325945324e-08	2.53666280433087e-06	5.59573725920759	69	31
MA0875.1_BARX1	3.79656900272407	-3.72228850716216	7.51885750988624	5.56475204325414e-07	6.63132279651631e-06	5.17839983118409	58	22
MA0876.1_BSX	2.65901901158824	-2.37955501013536	5.0385740217236	8.51952383543423e-06	3.49844276646555e-05	4.45612522662865	175	120
MA0877.1_Barhl1	3.02405486575247	-3.05343224536784	6.07748711112031	3.89865264419234e-06	2.19460464805255e-05	4.65864370532337	120	69
MA0878.1_CDX1	2.76814836164656	-2.57801812249803	5.34616648414458	8.96682451938491e-06	3.61262166677446e-05	4.44217751771111	157	106
MA0879.1_Dlx1	3.77882173296618	-3.67083301963022	7.44965475259639	1.10513021885061e-06	9.27348401035509e-06	5.03275707252149	69	31
MA0880.1_Dlx3	1.30515146180281	-1.19864352429608	2.50379498609889	2.58270627428087e-05	7.70818006602384e-05	4.11304814861348	356	316
MA0881.1_Dlx4	1.55652328387759	-1.43581292956641	2.992336213444	2.70962076132988e-05	7.96380924269035e-05	4.09887915118596	316	269
MA0882.1_DLX6	1.67075417345431	-1.54692562116146	3.21767979461577	2.78825674028966e-05	8.11256609360661e-05	4.09084175195161	302	256
MA0883.1_Dmbx1	2.30745634990608	-2.31644799729326	4.62390434719933	7.78562333426751e-05	0.000178176913460114	3.74914856857306	253	198
MA0884.1_DUXA	2.10498215239409	-1.84510243416905	3.95008458656314	2.03402772822744e-05	6.45652792280094e-05	4.19000096642327	259	204
MA0885.1_Dlx2	2.08751650726828	-2.2421367313724	4.32965323864068	0.000567273304292364	0.00094382541145195	3.02510833393862	348	307
MA0886.1_EMX2	3.43529709082025	-3.25305081430366	6.68834790512392	1.00006795609388e-06	9.10025067055717e-06	5.04094664467447	93	51
MA0887.1_EVX1	2.80526168084998	-2.8684149253922	5.67367660624218	6.1221585492722e-06	2.90551622953164e-05	4.5367766943514	144	87
MA0888.1_EVX2	3.45133720794598	-3.3503463606588	6.80168356860477	5.61200029411571e-07	6.63132279651631e-06	5.17839983118409	85	45
MA0889.1_GBX1	3.91267111513783	-3.49490170017094	7.40757281530876	3.79676139355149e-08	2.53666280433087e-06	5.59573725920759	62	23
MA0890.1_GBX2	4.38371031799703	-4.1882488139812	8.57195913197823	3.1033743406264e-07	4.60731729031458e-06	5.33655187832951	39	16
MA0891.1_GSC2	1.45820378531794	-1.55702892431683	3.01523270963477	8.30993381429204e-05	0.000189427231436027	3.72255758809783	314	266
MA0892.1_GSX1	2.86416963959083	-2.61504051204931	5.47921015164014	1.34608361501057e-05	4.901776182963e-05	4.30964652268885	159	107
MA0893.1_GSX2	3.89477643860976	-3.52282650236775	7.41760294097751	5.59734301374225e-05	0.000137909004466245	3.86040737659186	235	176
MA0894.1_HESX1	4.61619416084311	-4.39200367473696	9.00819783558006	1.32549159320376e-08	2.53666280433087e-06	5.59573725920759	19	4
MA0895.1_HMBOX1	1.62804818130301	-1.54644885586317	3.17449703716618	2.6652924781261e-05	7.87349155528068e-05	4.1038326339788	307	261
MA0896.1_Hmx1	1.67643627457252	-1.72126158201013	3.39769785658265	0.000382958757448216	0.00066988858175987	3.17399742468829	331	286
MA0897.1_Hmx2	2.07738395468102	-2.01635165048261	4.09373560516363	0.0001228587233134	0.000256805779055808	3.59039520730175	277	228
MA0898.1_Hmx3	2.85291259419837	-2.72521282571012	5.57812541990848	0.000269920905711176	0.000499764751461891	3.30123437803236	312	264
MA0899.1_HOXA10	2.96407301433219	-2.80426196614539	5.76833498047759	7.7572187000099e-06	3.37701475737273e-05	4.47146704151693	138	82
MA0900.1_HOXA2	4.20413333137116	-3.85358623155671	8.05771956292786	4.29621866867232e-05	0.000113068664052785	3.94665773914701	220	164
MA0901.1_HOXB13	3.59496346546004	-3.14840385062264	6.74336731608267	1.48582770549456e-06	1.16272125739818e-05	4.93452438749278	87	48
MA0902.1_HOXB2	3.33869541508029	-3.15849806851488	6.49719348359517	1.51931245427315e-05	5.16576960037385e-05	4.28686496779446	170	116
MA0903.1_HOXB3	4.57763934871967	-4.33871400645704	8.91635335517671	1.60274639308283e-05	5.30280092339976e-05	4.27549467676449	175	120
MA0904.1_Hoxb5	5.24972703686893	-4.90169787132795	10.1514249081969	1.08342211508058e-07	2.84792546283633e-06	5.54547138143353	21	5
MA0905.1_HOXC10	3.63434425775308	-3.54357630465426	7.17792056240734	0.000107067619794269	0.000231313999480902	3.63579808226043	268	218
MA0906.1_HOXC12	2.56012781213292	-2.43765219748516	4.99778000961808	9.96192428262679e-05	0.000220150922123699	3.65727949111567	262	207
MA0907.1_HOXC13	2.29330633913618	-2.17113637912494	4.46444271826112	0.00120362946918586	0.00179152046955941	2.74677822530646	389	353
MA0908.1_HOXD11	4.62338664755312	-4.43155082356628	9.05493747111939	0.000271029588875706	0.000499764751461891	3.30123437803236	314	266
MA0909.1_HOXD13	4.27039103743553	-3.95745492507587	8.2278459625114	7.41720576364762e-07	7.80829479482176e-06	5.10744379865238	55	20
MA0910.1_Hoxd8	3.30904819352368	-3.40425774170853	6.71330593523221	0.000274568165685488	0.000503085341556638	3.29835833656773	316	269
MA0911.1_Hoxa11	4.14911858630589	-4.09134386772994	8.24046245403583	1.01441441763532e-06	9.10025067055717e-06	5.04094664467447	64	25
MA0912.1_Hoxd3	4.10925904377466	-3.94188872180792	8.05114776558258	2.4324878094389e-06	1.67667909722038e-05	4.7755500498819	84	43
MA0913.1_Hoxd9	2.05768744206464	-1.98146182781578	4.03914926988041	0.00112720703666429	0.00169961685997037	2.76964896941838	384	344
MA0914.1_ISL2	3.07209319079645	-2.91492796448762	5.98702115528408	0.00014118767234103	0.000286792333935265	3.54243246170057	285	239
MA1100.1_ASCL1	2.97229266121177	-2.88466626557836	5.85695892679013	0.000143365934971403	0.000289229534315129	3.5387573616708	287	241
MA1101.1_BACH2	-2.17004160240878	1.7919030876378	-3.96194469004658	0.00420782584537913	0.00542612731508801	2.26551002045435	449	424
MA0018.3_CREB1	0.975617519900397	-0.945370510089359	1.92098802998976	0.000176197689454419	0.000350578907883534	3.45521421620954	421	390
MA1102.1_CTCFL	2.35145771172909	-2.07617501318416	4.42763272491325	0.00452871191173381	0.00580115972764131	2.23648517661511	452	428
MA0852.2_FOXK1	0.995279875773607	-0.831408347926771	1.82668822370038	0.00834985057765522	0.0101780283883418	1.99233634213604	475	455
MA1103.1_FOXK2	1.61667843604458	-1.37829184851386	2.99497028455844	2.43081545917684e-05	7.39277775710517e-05	4.13119234943803	315	268
MA0481.2_FOXP1	1.9685858981744	-1.75410705673125	3.72269295490565	4.27107185016489e-05	0.000112920118778332	3.94722867369952	272	224
MA0036.3_GATA2	-5.16840808470605	4.74690950540425	-9.91531759011029	1.22967420675144e-07	2.84792546283633e-06	5.54547138143353	25	9
MA1104.1_GATA6	-5.90020589320902	5.46267938766279	-11.3628852808718	1.22300501854864e-07	2.84792546283633e-06	5.54547138143353	24	8
MA1105.1_GRHL2	1.31416066366118	-1.28188729202956	2.59604795569074	0.000224069774161866	0.000422594134331337	3.37407653531308	353	314
MA1106.1_HIF1A	1.04477928593885	-0.912558547555757	1.95733783349461	0.00111882658417253	0.00169138535831826	2.77175743325114	416	384
MA0039.3_KLF4	0.420477951620373	-0.3972847792556	0.817762730875974	0.0136189117858851	0.0162584534516031	1.78892076805183	523	510
MA1107.1_KLF9	2.11125926187942	-2.06845715633337	4.17971641821279	3.57833521967222e-07	4.93299069569099e-06	5.3068897036771	237	179
MA0495.2_MAFF	0.0431742895620605	-0.127555301300506	0.170729590862566	0.704149899637455	0.712767118688962	0.147052343344529	572	571
MA0496.2_MAFK	-0.857416393828399	0.733784521524025	-1.59120091535242	0.0101088682633085	0.0122448425197817	1.91204679593981	478	459
MA0620.2_MITF	2.11572813086871	-2.2621851075364	4.37791323840511	5.07982786596912e-05	0.000127325555601564	3.89508442004739	231	172
MA1108.1_MXI1	2.17601087097737	-2.19749666812346	4.37350753910082	0.000343955648376028	0.000614661482746049	3.21136400073136	324	281
MA0147.3_MYC	1.45703224651488	-1.58762834679003	3.04466059330491	0.000866832388419457	0.00134918266907222	2.86992924617735	372	331
MA0100.3_MYB	-0.556141120317622	0.422332572956927	-0.978473693274548	0.00828031001366086	0.010114555902763	1.99505318093208	510	495
MA0104.4_MYCN	1.27291348729072	-1.45141085618525	2.72432434347597	0.00241723100924231	0.00332441034287719	2.47828537518627	421	390
MA1109.1_NEUROD1	2.0799123207344	-1.9449378236787	4.0248501444131	8.82929128670522e-07	8.47416326911674e-06	5.07190317283522	256	201
MA0161.2_NFIC	0.960169442483328	-0.828827991493517	1.78899743397685	0.00206523993397626	0.00289533637232991	2.53830097385	434	406
MA0060.3_NFYA	2.57085812923806	-2.41299182004323	4.98384994928129	3.97422621819377e-05	0.000108541366996896	3.96440471310968	212	157
MA1110.1_NR1H4	2.05715329589334	-1.86017266457611	3.91732596046945	0.000404039788228448	0.000700416279593627	3.15464376827746	334	289
MA1111.1_NR2F2	0.435080262581772	-0.399139685792191	0.834219948373964	0.203971320577138	0.216599773552639	0.664342001749898	545	538
MA1112.1_NR4A1	0.147824866233883	-0.208992349438579	0.356817215672463	0.632771078352745	0.647304689693002	0.188891246526926	566	565
MA0014.3_PAX5	0.9332040699004	-0.903504450561174	1.83670852046157	0.00088520939563123	0.00136676330685462	2.86430668910979	430	403
MA1113.1_PBX2	1.74536067079981	-1.68087320096861	3.42623387176842	9.40571638317114e-08	2.83662244756911e-06	5.54719846464439	287	241
MA1114.1_PBX3	2.04824813521824	-2.00153534127103	4.04978347648927	6.50800205058748e-06	3.04609241668726e-05	4.51625692455597	249	194
MA1115.1_POU5F1	4.98578339306656	-4.46162040502464	9.4474037980912	7.06934994638955e-06	3.14506366073933e-05	4.5023705593672	130	77
MA0508.2_PRDM1	2.20309959993868	-1.99760725577475	4.20070685571343	3.80174710181083e-06	2.17941739796878e-05	4.66165958651607	235	176
MA1116.1_RBPJ	3.65478359903934	-3.50144040551378	7.15622400455312	7.27822158408674e-08	2.53666280433087e-06	5.59573725920759	72	35
MA1117.1_RELB	0.924806254176482	-0.788139840191301	1.71294609436778	0.000139821784702714	0.00028505920191152	3.54506493510225	445	421
MA1118.1_SIX1	4.33780193784001	-4.02383512866398	8.361637066504	3.07851715961141e-06	1.91878790790815e-05	4.71697302709655	92	49
MA1119.1_SIX2	4.12480276750325	-3.96031504423453	8.08511781173778	3.93650490693673e-05	0.000108297312413627	3.9653823210147	210	155
MA0442.2_SOX10	4.27879413971973	-4.03063446642664	8.30942860614636	2.49524835598946e-06	1.699704468374e-05	4.76962658386397	85	45
MA1120.1_SOX13	2.92607673413544	-2.59209805866752	5.51817479280296	3.54131682202342e-06	2.07509455036312e-05	4.68296211014926	151	97
MA1121.1_TEAD2	2.61260778974791	-2.36539914653995	4.97800693628786	0.000164243660889353	0.000329055638944413	3.482730662404	289	243
MA1122.1_TFDP1	2.20490762004273	-1.95490470680053	4.15981232684326	5.64396238166733e-06	2.74609598234066e-05	4.56128428724769	238	180
MA1123.1_TWIST1	1.10814072079314	-1.04858572179632	2.15672644258946	0.000253891266045622	0.00047573800336704	3.32263215445909	395	362
MA0526.2_USF2	2.5206578889609	-2.67119623324359	5.19185412220449	8.35492332355447e-05	0.000189705906052472	3.72191914815155	255	200
MA0750.2_ZBTB7A	1.25715769050804	-1.18762838451964	2.44478607502769	2.16825774158717e-05	6.80746586086821e-05	4.16701452794962	362	319
MA0103.3_ZEB1	-0.161651185201164	0.269304624500382	-0.430955809701546	0.163356111148114	0.174186350561248	0.758985879800126	547	541
MA1124.1_ZNF24	1.73019123300733	-1.61791137151709	3.34810260452443	2.22236143080336e-05	6.88100143548207e-05	4.16234835155313	295	249
MA1125.1_ZNF384	3.55992160816297	-3.25490850928815	6.81483011745112	2.76054806337876e-05	8.07251176109244e-05	4.09299131357326	198	144
MA1154.1_ZNF282	1.42109559076181	-1.19991377379025	2.62100936455206	2.52485450575653e-05	7.57456351726959e-05	4.12064238823858	351	312
MA1155.1_ZSCAN4	0.728207415270061	-0.660035551329797	1.38824296659986	0.00544404142270651	0.00690197498219906	2.16102661924224	478	459
MA0037.3_GATA3	-5.81972715724334	5.25794376984737	-11.0776709270907	5.79190259899489e-08	2.53666280433087e-06	5.59573725920759	11	2
MA0099.3_FOS::JUN	-1.61513912517666	1.29703334374436	-2.91217246892102	0.000811220890544928	0.00128332485143583	2.89166339559048	366	325
MA1126.1_FOS::JUN(var.2)	2.23510150503466	-2.04379818395418	4.27889968898884	0.000319883528087539	0.000575194294294052	3.24018543063786	322	277
MA1127.1_FOSB::JUN	3.28009640235863	-2.81815573585536	6.09825213821399	7.17804954934613e-05	0.00016691127265347	3.77751433147009	249	194
MA1128.1_FOSL1::JUN	-1.59413658293443	1.2472225232935	-2.84135910622793	0.00669984211389338	0.00839655537650274	2.07589884343724	462	440
MA1129.1_FOSL1::JUN(var.2)	3.29990557774863	-3.08618172700881	6.38608730475744	2.17509703671955e-05	6.80746586086821e-05	4.16701452794962	185	129
MA1130.1_FOSL2::JUN	-1.46458574898626	1.08681309452546	-2.55139884351172	0.00765421072386923	0.00946963249812027	2.0236668749709	468	446
MA1131.1_FOSL2::JUN(var.2)	3.13994546135653	-2.81836726162785	5.95831272298438	6.50194416020223e-05	0.000156208533973323	3.80629524346588	241	185
MA1132.1_JUN::JUNB	0.583093960420153	-0.695124595478993	1.27821855589915	0.0185326596385218	0.0217655373847954	1.66223060576961	493	474
MA1133.1_JUN::JUNB(var.2)	3.44884333940431	-3.25630079385463	6.70514413325894	4.78366066235496e-06	2.49608302977119e-05	4.60274097236633	110	61
MA1134.1_FOS::JUNB	-0.6983156320336	0.502524474443984	-1.20084010647758	0.0526969915558618	0.0585634512684146	1.23237333730039	521	507
MA1135.1_FOSB::JUNB	-0.477894164644032	0.311707843328704	-0.789602007972736	0.126841159766598	0.136761697401974	0.864035517646309	537	530
MA1136.1_FOSB::JUNB(var.2)	2.6560703938964	-2.38132757737027	5.03739797126667	8.1930977935612e-06	3.44331712275419e-05	4.46302297778329	178	124
MA1137.1_FOSL1::JUNB	-1.57383414506759	1.28861605335347	-2.86245019842106	0.00204404474934279	0.00287257745113951	2.54172825292722	412	379
MA1138.1_FOSL2::JUNB	-0.691921170539418	0.507220081657027	-1.19914125219644	0.0568908141166725	0.0631030294512517	1.19994979063891	522	509
MA1139.1_FOSL2::JUNB(var.2)	4.09201017649036	-3.62149897464999	7.71350915114034	1.48603407681287e-06	1.16272125739818e-05	4.93452438749278	74	38
MA1140.1_JUNB(var.2)	4.38983797994008	-4.13882509016079	8.52866307010087	3.19850249551592e-06	1.95327707132585e-05	4.70923614789848	94	52
MA1141.1_FOS::JUND	-1.92804626167037	1.64801867637965	-3.57606493805002	0.00291380545462914	0.0038873118853232	2.41035061382178	434	406
MA1142.1_FOSL1::JUND	-0.610117572494091	0.469284133290757	-1.07940170578485	0.0297685672259017	0.034063241944263	1.46771402074508	506	491
MA1143.1_FOSL1::JUND(var.2)	1.80490388619336	-1.68103917261251	3.48594305880587	0.000114204871236	0.000245103088669388	3.61065121594653	284	238
MA1144.1_FOSL2::JUND	-0.912836254883935	0.670289243080963	-1.5831254979649	0.0324788213999393	0.0368008563416141	1.43414207534522	511	497
MA1145.1_FOSL2::JUND(var.2)	3.294354509633	-3.01718587837353	6.31154038800653	6.46903762027188e-05	0.000156208533973323	3.80629524346588	239	182
MA1146.1_NR1A4::RXRA	0.586663105681842	-0.379653552179603	0.966316657861445	0.141291955626457	0.151496374643923	0.819597759841397	540	534
MA1147.1_NR4A2::RXRA	0.826722701196594	-0.529553062153202	1.3562757633498	0.0784742130584217	0.0858914354646997	1.06605013903091	529	519
MA1148.1_PPARA::RXRA	0.634585177365125	-0.476854776926455	1.11143995429158	0.130565311858413	0.140515456442418	0.852275901535065	538	531
MA1149.1_RARA::RXRG	1.32697452512027	-1.22955995399616	2.55653447911643	0.00150523435882644	0.0021733932512731	2.66286168582582	401	368
MA1150.1_RORB	0.670871478564458	-0.547224209280203	1.21809568784466	0.00247017751364049	0.00337319051980623	2.47195912890749	497	480
MA1151.1_RORC	0.47049320618929	-0.371301918965696	0.841795125154986	0.0269227683421137	0.0309291326787377	1.50963225840353	518	503
MA1152.1_SOX15	2.71463600892119	-2.5377414219391	5.25237743086029	4.2733500290628e-07	5.62334015188036e-06	5.25000564552908	163	110
MA0831.2_TFE3	2.40944936268806	-2.59056080866065	5.00001017134871	4.62655228345528e-05	0.000119130042266619	3.92397870413137	224	166
MA0693.2_VDR	0.761861427288832	-0.825938343922719	1.58779977121155	0.00305024601385648	0.00405067073858464	2.3924730572922	461	439
MA1153.1_Smad4	1.0875971525772	-0.946186059564128	2.03378321214133	0.000133984277832552	0.000275095378954069	3.56051670481789	405	372
MA0162.3_EGR1	3.41546053260382	-3.35424047733498	6.7697010099388	4.78523689645254e-06	2.49608302977119e-05	4.60274097236633	111	63
MA1418.1_IRF3	1.94566973426815	-1.89627531120465	3.8419450454728	8.98475854949088e-06	3.61262166677446e-05	4.44217751771111	268	218
MA1419.1_IRF4	0.937606854907497	-0.939940915737043	1.87754777064454	0.00142215280822046	0.0020689107436172	2.68425824514416	426	398
MA1420.1_IRF5	1.50084221559168	-1.4469555462763	2.94779776186798	0.000266247058528652	0.000497280796413192	3.30339831167631	322	277
MA1421.1_TCF7L1	2.07432810148352	-2.00734836471787	4.08167646620139	2.87705674414607e-06	1.85090650540064e-05	4.73261551815368	247	193
